annotation_id,annotator,choice,created_at,id,image,lead_time,updated_at
1,1,Cream,2024-05-20T18:59:36.212731Z,410,/data/local-files/?d=Users/stephenthorpe/Desktop/data-science/label-studio/-AIAAOSwqCpmMMXY_s-l1600.webp,32.583,2024-05-20T18:59:36.212743Z
7,1,Cream Goodbye,2024-05-20T19:06:35.559443Z,411,/data/local-files/?d=Users/stephenthorpe/Desktop/data-science/label-studio/-AoAAOSwpSdl7GU8_s-l1600.webp,12.106,2024-05-20T19:06:35.559464Z
2,1,Cream,2024-05-20T19:00:39.925468Z,412,/data/local-files/?d=Users/stephenthorpe/Desktop/data-science/label-studio/-AwAAOSwFJZl1HgL_s-l1600.webp,7.501,2024-05-20T19:00:39.925488Z
3,1,Cream,2024-05-20T19:00:49.212073Z,413,/data/local-files/?d=Users/stephenthorpe/Desktop/data-science/label-studio/-JkAAOSwHzlmFGVL_s-l1600.webp,6.043,2024-05-20T19:00:49.212093Z
4,1,Fleetwood Mac,2024-05-20T19:00:58.210118Z,414,/data/local-files/?d=Users/stephenthorpe/Desktop/data-science/label-studio/-LcAAOSwiMxmMvsL_s-l1600.webp,4.544,2024-05-20T19:00:58.210138Z
8,1,Non Searched,2024-05-20T19:06:50.237667Z,415,/data/local-files/?d=Users/stephenthorpe/Desktop/data-science/label-studio/-MsAAOSwjBtmBgT1_s-l500.webp,5.11,2024-05-20T19:06:50.237688Z
76,1,Rolling Stones,2024-05-20T20:20:21.975267Z,416,/data/local-files/?d=Users/stephenthorpe/Desktop/data-science/label-studio/-NsAAOSw519mIX0E_s-l1600.webp,5.637,2024-05-20T20:20:21.975281Z
9,1,Fleetwood Mac,2024-05-20T19:07:05.899235Z,417,/data/local-files/?d=Users/stephenthorpe/Desktop/data-science/label-studio/-VUAAOSwtrhmO-X6_s-l1600.webp,6.439,2024-05-20T19:07:05.899269Z
10,1,The Who,2024-05-20T19:07:14.890206Z,418,/data/local-files/?d=Users/stephenthorpe/Desktop/data-science/label-studio/-WUAAOSwdzpmGAIh_s-l500.webp,14.477,2024-05-20T19:07:14.890225Z
6,1,Deep Purple,2024-05-20T19:02:58.912451Z,419,/data/local-files/?d=Users/stephenthorpe/Desktop/data-science/label-studio/0BUAAOSwvftmHUiZ_s-l500.webp,3.964,2024-05-20T19:02:58.912470Z
5,1,Fleetwood Mac,2024-05-20T19:02:53.626270Z,420,/data/local-files/?d=Users/stephenthorpe/Desktop/data-science/label-studio/0D8AAOSwCnVl3mjO_s-l500.webp,12.134,2024-05-20T19:02:53.626294Z
11,1,Non Searched,2024-05-20T19:08:01.749980Z,421,/data/local-files/?d=Users/stephenthorpe/Desktop/data-science/label-studio/0XAAAOSwT9llw7JL_s-l500.webp,29.127,2024-05-20T19:08:01.749999Z
12,1,Deep Purple,2024-05-20T19:08:08.179338Z,422,/data/local-files/?d=Users/stephenthorpe/Desktop/data-science/label-studio/0m8AAOSwg4pmHTlC_s-l1600.webp,4.431,2024-05-20T19:08:08.179355Z
13,1,The Who,2024-05-20T19:08:14.238934Z,423,/data/local-files/?d=Users/stephenthorpe/Desktop/data-science/label-studio/0mYAAOSwJhFl8AZa_s-l500.webp,3.822,2024-05-20T19:08:14.238951Z
14,1,Non Searched,2024-05-20T19:08:22.897911Z,424,/data/local-files/?d=Users/stephenthorpe/Desktop/data-science/label-studio/0n4AAOSwko5k0qd-_s-l1600.webp,6.148,2024-05-20T19:08:22.897936Z
15,1,Fleetwood Mac,2024-05-20T19:08:35.151588Z,425,/data/local-files/?d=Users/stephenthorpe/Desktop/data-science/label-studio/0nQAAOSwOjFmNBIF_s-l1600.webp,10.224,2024-05-20T19:08:35.151604Z
16,1,Beatles,2024-05-20T19:08:42.857459Z,426,/data/local-files/?d=Users/stephenthorpe/Desktop/data-science/label-studio/0pcAAOSwep1mK7l~_s-l1600.webp,6.19,2024-05-20T19:08:42.857478Z
17,1,Fleetwood Mac,2024-05-20T19:08:50.757408Z,427,/data/local-files/?d=Users/stephenthorpe/Desktop/data-science/label-studio/0wgAAOSwi-tmNA2M_s-l1600.webp,4.981,2024-05-20T19:08:50.757425Z
18,1,Cream Goodbye,2024-05-20T20:10:32.650347Z,428,/data/local-files/?d=Users/stephenthorpe/Desktop/data-science/label-studio/0~YAAOSw6ldlrQMh_s-l500.webp,5.13,2024-05-20T20:10:32.650361Z
19,1,Fleetwood Mac,2024-05-20T20:10:43.057975Z,429,/data/local-files/?d=Users/stephenthorpe/Desktop/data-science/label-studio/100AAOSw7ZFmOCMT_s-l500.webp,4.964,2024-05-20T20:10:43.057992Z
20,1,Deep Purple,2024-05-20T20:10:49.493124Z,430,/data/local-files/?d=Users/stephenthorpe/Desktop/data-science/label-studio/11sAAOSwDmpmNHR3_s-l500.webp,4.753,2024-05-20T20:10:49.493140Z
21,1,Cream,2024-05-20T20:11:00.554627Z,431,/data/local-files/?d=Users/stephenthorpe/Desktop/data-science/label-studio/12EAAOSwn2Nl6ZnJ_s-l500.webp,8.081,2024-05-20T20:11:00.554668Z
22,1,Fleetwood Mac,2024-05-20T20:11:10.526686Z,432,/data/local-files/?d=Users/stephenthorpe/Desktop/data-science/label-studio/1DUAAOSwMWFmNAGy_s-l1600.webp,4.275,2024-05-20T20:11:10.526703Z
23,1,Rolling Stones,2024-05-20T20:11:21.821518Z,433,/data/local-files/?d=Users/stephenthorpe/Desktop/data-science/label-studio/1PMAAOSwkWpkl1Wt_s-l500.webp,7.997,2024-05-20T20:11:21.821535Z
24,1,Rolling Stones,2024-05-20T20:11:28.144350Z,434,/data/local-files/?d=Users/stephenthorpe/Desktop/data-science/label-studio/1TkAAOSw-mhmJzNd_s-l300.webp,3.709,2024-05-20T20:11:28.144371Z
25,1,Deep Purple,2024-05-20T20:11:43.456041Z,435,/data/local-files/?d=Users/stephenthorpe/Desktop/data-science/label-studio/1dsAAOSwXmpmIeUH_s-l500.webp,11.122,2024-05-20T20:11:43.456060Z
26,1,Non Searched,2024-05-20T20:11:54.917656Z,436,/data/local-files/?d=Users/stephenthorpe/Desktop/data-science/label-studio/1eEAAOSwwIVmJoiF_s-l500.webp,9.442,2024-05-20T20:11:54.917672Z
27,1,Non Searched,2024-05-20T20:12:07.191676Z,437,/data/local-files/?d=Users/stephenthorpe/Desktop/data-science/label-studio/1igAAOSwoWBl4e~f_s-l1600.webp,10.564,2024-05-20T20:12:07.191702Z
28,1,Fleetwood Mac,2024-05-20T20:12:13.880931Z,438,/data/local-files/?d=Users/stephenthorpe/Desktop/data-science/label-studio/2YoAAOSwPmVmNHch_s-l1600.webp,4.876,2024-05-20T20:12:13.880953Z
29,1,Cream,2024-05-20T20:12:25.157930Z,439,/data/local-files/?d=Users/stephenthorpe/Desktop/data-science/label-studio/2mAAAOSwS1JmFujm_s-l1600.webp,9.22,2024-05-20T20:12:25.157951Z
30,1,Fleetwood Mac,2024-05-20T20:12:32.680760Z,440,/data/local-files/?d=Users/stephenthorpe/Desktop/data-science/label-studio/2qYAAOSwHiRmOlp-_s-l500.webp,5.912,2024-05-20T20:12:32.680780Z
31,1,Cream,2024-05-20T20:12:46.073993Z,441,/data/local-files/?d=Users/stephenthorpe/Desktop/data-science/label-studio/2rAAAOSwl9xmJ6bV_s-l1600.webp,10.837,2024-05-20T20:12:46.074010Z
32,1,Deep Purple,2024-05-20T20:13:25.288014Z,442,/data/local-files/?d=Users/stephenthorpe/Desktop/data-science/label-studio/3HQAAOSw-ylmMv0U_s-l1600.webp,8.633,2024-05-20T20:13:25.288032Z
33,1,Fleetwood Mac,2024-05-20T20:13:31.189278Z,443,/data/local-files/?d=Users/stephenthorpe/Desktop/data-science/label-studio/3PMAAOSwtedmMMX2_s-l500.webp,3.957,2024-05-20T20:13:31.189295Z
34,1,The Who,2024-05-20T20:13:41.685549Z,444,/data/local-files/?d=Users/stephenthorpe/Desktop/data-science/label-studio/3VYAAOSwcEtmJ-tX_s-l1600.webp,8.91,2024-05-20T20:13:41.685564Z
35,1,Rolling Stones,2024-05-20T20:13:50.719572Z,445,/data/local-files/?d=Users/stephenthorpe/Desktop/data-science/label-studio/3YwAAOSwZJRlzm0t_s-l500.webp,7.162,2024-05-20T20:13:50.719585Z
36,1,Fleetwood Mac,2024-05-20T20:13:56.529643Z,446,/data/local-files/?d=Users/stephenthorpe/Desktop/data-science/label-studio/3gwAAOSw0vNmOxcs_s-l1600.webp,3.742,2024-05-20T20:13:56.529661Z
37,1,Non Searched,2024-05-20T20:14:04.888943Z,447,/data/local-files/?d=Users/stephenthorpe/Desktop/data-science/label-studio/3ooAAOSwfHVkVsZl_s-l1600.webp,5.26,2024-05-20T20:14:04.888963Z
38,1,Non Searched,2024-05-20T20:14:12.435885Z,448,/data/local-files/?d=Users/stephenthorpe/Desktop/data-science/label-studio/3x0AAOSw0BBmGbeR_s-l1600.webp,5.72,2024-05-20T20:14:12.435902Z
39,1,Non Searched,2024-05-20T20:14:25.587168Z,449,/data/local-files/?d=Users/stephenthorpe/Desktop/data-science/label-studio/46MAAOSwZYxlMtGF_s-l1600.webp,11.295,2024-05-20T20:14:25.587189Z
40,1,Deep Purple,2024-05-20T20:14:29.703603Z,450,/data/local-files/?d=Users/stephenthorpe/Desktop/data-science/label-studio/4B4AAOSwaTpmK4b5_s-l500.webp,2.943,2024-05-20T20:14:29.703621Z
41,1,Non Searched,2024-05-20T20:14:47.087215Z,451,/data/local-files/?d=Users/stephenthorpe/Desktop/data-science/label-studio/4EMAAOSwEOplxWRX_s-l300.webp,12.722,2024-05-20T20:14:47.087240Z
42,1,Cream Goodbye,2024-05-20T20:14:55.279461Z,452,/data/local-files/?d=Users/stephenthorpe/Desktop/data-science/label-studio/4GUAAOSwiL9ijb-t_s-l1600.webp,5.373,2024-05-20T20:14:55.279478Z
43,1,Cream Goodbye,2024-05-20T20:15:02.550993Z,453,/data/local-files/?d=Users/stephenthorpe/Desktop/data-science/label-studio/4RAAAOSwJqNlsZUz_s-l500.webp,5.647,2024-05-20T20:15:02.551011Z
44,1,Beatles,2024-05-20T20:15:09.391337Z,454,/data/local-files/?d=Users/stephenthorpe/Desktop/data-science/label-studio/4a0AAOSwkrJmNOt8_s-l500.webp,5.41,2024-05-20T20:15:09.391357Z
45,1,Rolling Stones,2024-05-20T20:15:16.574117Z,455,/data/local-files/?d=Users/stephenthorpe/Desktop/data-science/label-studio/4voAAOSwL7xmIVMl_s-l1600.webp,5.26,2024-05-20T20:15:16.574137Z
46,1,Non Searched,2024-05-20T20:15:23.822691Z,456,/data/local-files/?d=Users/stephenthorpe/Desktop/data-science/label-studio/56MAAOSwzW9mILHl_s-l500.webp,5.575,2024-05-20T20:15:23.822709Z
47,1,The Who,2024-05-20T20:15:29.806259Z,457,/data/local-files/?d=Users/stephenthorpe/Desktop/data-science/label-studio/5AgAAOSwmV1l6IyE_s-l500.webp,4.737,2024-05-20T20:15:29.806275Z
48,1,Non Searched,2024-05-20T20:15:35.127301Z,458,/data/local-files/?d=Users/stephenthorpe/Desktop/data-science/label-studio/5FcAAOSwi5NmITql_s-l1600.webp,3.466,2024-05-20T20:15:35.127321Z
49,1,Cream,2024-05-20T20:15:41.716705Z,459,/data/local-files/?d=Users/stephenthorpe/Desktop/data-science/label-studio/5SkAAOSwoFRl61iW_s-l500.webp,5.11,2024-05-20T20:15:41.716723Z
50,1,Fleetwood Mac,2024-05-20T20:16:06.885788Z,460,/data/local-files/?d=Users/stephenthorpe/Desktop/data-science/label-studio/5ocAAOSwilxmMV~O_s-l1600.webp,23.59,2024-05-20T20:16:06.885806Z
51,1,Non Searched,2024-05-20T20:16:15.091091Z,461,/data/local-files/?d=Users/stephenthorpe/Desktop/data-science/label-studio/5ykAAOSwCOtkRZ9A_s-l500.webp,6.652,2024-05-20T20:16:15.091110Z
52,1,Beatles,2024-05-20T20:16:19.893214Z,462,/data/local-files/?d=Users/stephenthorpe/Desktop/data-science/label-studio/67QAAOSwMEZmMv3k_s-l1600.webp,3.435,2024-05-20T20:16:19.893231Z
53,1,Cream,2024-05-20T20:16:29.952183Z,463,/data/local-files/?d=Users/stephenthorpe/Desktop/data-science/label-studio/6G4AAOSw29pmLSqx_s-l1600.webp,6.745,2024-05-20T20:16:29.952205Z
54,1,Rolling Stones,2024-05-20T20:16:36.556433Z,464,/data/local-files/?d=Users/stephenthorpe/Desktop/data-science/label-studio/6WAAAOSwj5NmMA3W_s-l500.webp,4.204,2024-05-20T20:16:36.556451Z
55,1,The Who,2024-05-20T20:16:44.869112Z,465,/data/local-files/?d=Users/stephenthorpe/Desktop/data-science/label-studio/6pUAAOSwkoxmHBFY_s-l500.webp,4.91,2024-05-20T20:16:44.869132Z
56,1,Non Searched,2024-05-20T20:16:50.489178Z,466,/data/local-files/?d=Users/stephenthorpe/Desktop/data-science/label-studio/7AYAAOSwXCtkV67q_s-l500.webp,4.304,2024-05-20T20:16:50.489195Z
57,1,Beatles,2024-05-20T20:16:57.015377Z,467,/data/local-files/?d=Users/stephenthorpe/Desktop/data-science/label-studio/7PAAAOSwZRtmMMYe_s-l500.webp,5.08,2024-05-20T20:16:57.015393Z
58,1,Fleetwood Mac,2024-05-20T20:17:03.608233Z,468,/data/local-files/?d=Users/stephenthorpe/Desktop/data-science/label-studio/7QcAAOSw05dk28E3_s-l500.webp,5.188,2024-05-20T20:17:03.608254Z
59,1,Beatles,2024-05-20T20:17:08.784628Z,469,/data/local-files/?d=Users/stephenthorpe/Desktop/data-science/label-studio/7XMAAOSwZRtmMMZs_s-l1600.webp,3.765,2024-05-20T20:17:08.784662Z
60,1,Cream,2024-05-20T20:17:16.087270Z,470,/data/local-files/?d=Users/stephenthorpe/Desktop/data-science/label-studio/7bgAAOSw209luw2R_s-l1600.webp,5.868,2024-05-20T20:17:16.087289Z
61,1,Beatles,2024-05-20T20:17:31.192186Z,471,/data/local-files/?d=Users/stephenthorpe/Desktop/data-science/label-studio/7n0AAOSw73RmN3Oy_s-l1600.webp,13.707,2024-05-20T20:17:31.192208Z
62,1,Beatles,2024-05-20T20:17:35.239741Z,472,/data/local-files/?d=Users/stephenthorpe/Desktop/data-science/label-studio/7pMAAOSwyONmMMZc_s-l300.webp,2.798,2024-05-20T20:17:35.239758Z
63,1,Cream Goodbye,2024-05-20T20:17:41.123932Z,473,/data/local-files/?d=Users/stephenthorpe/Desktop/data-science/label-studio/7zYAAOSwb65mH4Ky_s-l300.webp,4.414,2024-05-20T20:17:41.123947Z
64,1,Cream Goodbye,2024-05-20T20:17:45.633748Z,474,/data/local-files/?d=Users/stephenthorpe/Desktop/data-science/label-studio/8AUAAOSwRkRjnCOV_s-l300.webp,3.031,2024-05-20T20:17:45.633766Z
65,1,Rolling Stones,2024-05-20T20:17:52.535846Z,475,/data/local-files/?d=Users/stephenthorpe/Desktop/data-science/label-studio/8HIAAOSwPWFl7jlR_s-l500.webp,4.118,2024-05-20T20:17:52.535863Z
66,1,Cream,2024-05-20T20:17:58.772339Z,476,/data/local-files/?d=Users/stephenthorpe/Desktop/data-science/label-studio/8IsAAOSwbxZlgQLR_s-l1600.webp,4.55,2024-05-20T20:17:58.772356Z
67,1,Fleetwood Mac,2024-05-20T20:18:03.047654Z,477,/data/local-files/?d=Users/stephenthorpe/Desktop/data-science/label-studio/8J8AAOSwbI9mPIk7_s-l1600.webp,2.737,2024-05-20T20:18:03.047677Z
68,1,Fleetwood Mac,2024-05-20T20:18:08.520261Z,478,/data/local-files/?d=Users/stephenthorpe/Desktop/data-science/label-studio/8KoAAOSwEFpmLZ53_s-l500.webp,3.91,2024-05-20T20:18:08.520295Z
69,1,Beatles,2024-05-20T20:18:14.912770Z,479,/data/local-files/?d=Users/stephenthorpe/Desktop/data-science/label-studio/8NEAAOSwlJ5mCzAG_s-l1600.webp,4.734,2024-05-20T20:18:14.912788Z
70,1,Deep Purple,2024-05-20T20:18:20.309140Z,480,/data/local-files/?d=Users/stephenthorpe/Desktop/data-science/label-studio/960AAOSwKCJmLhjW_s-l500.webp,3.551,2024-05-20T20:18:20.309159Z
71,1,Deep Purple,2024-05-20T20:18:29.578988Z,481,/data/local-files/?d=Users/stephenthorpe/Desktop/data-science/label-studio/9TkAAOSwWSZmKJGr_s-l500.webp,6.484,2024-05-20T20:18:29.579008Z
72,1,Non Searched,2024-05-20T20:18:38.571637Z,482,/data/local-files/?d=Users/stephenthorpe/Desktop/data-science/label-studio/9aoAAOSwKlxmIat7_s-l500.webp,6.95,2024-05-20T20:18:38.571660Z
73,1,Fleetwood Mac,2024-05-20T20:18:48.497191Z,483,/data/local-files/?d=Users/stephenthorpe/Desktop/data-science/label-studio/9lEAAOSwgKtmG97z_s-l500.webp,7.595,2024-05-20T20:18:48.497211Z
74,1,Cream Goodbye,2024-05-20T20:18:56.188421Z,484,/data/local-files/?d=Users/stephenthorpe/Desktop/data-science/label-studio/9sAAAOSw1n5l3OjR_s-l500.webp,5.378,2024-05-20T20:18:56.188438Z
75,1,Deep Purple,2024-05-20T20:19:01.729490Z,485,/data/local-files/?d=Users/stephenthorpe/Desktop/data-science/label-studio/A64AAOSwP-BmK4Lt_s-l500.webp,3.988,2024-05-20T20:19:01.729509Z
77,1,Cream Goodbye,2024-05-20T20:23:50.429712Z,486,/data/local-files/?d=Users/stephenthorpe/Desktop/data-science/label-studio/ACUAAOSwebNlee0G_s-l500.webp,20.164,2024-05-20T20:23:50.429735Z
115,1,Non Searched,2024-05-20T21:06:42.061509Z,487,/data/local-files/?d=Users/stephenthorpe/Desktop/data-science/label-studio/AEwAAOSwnoplsoso_s-l500.webp,13.743,2024-05-20T21:06:42.061528Z
116,1,Non Searched,2024-05-20T21:06:56.672155Z,488,/data/local-files/?d=Users/stephenthorpe/Desktop/data-science/label-studio/AU8AAOSwgoJmGNhK_s-l500.webp,6.966,2024-05-20T21:06:56.672176Z
117,1,Deep Purple,2024-05-20T21:07:02.570793Z,489,/data/local-files/?d=Users/stephenthorpe/Desktop/data-science/label-studio/Ar8AAOSwqY9mNU7n_s-l500.webp,4.145,2024-05-20T21:07:02.570811Z
78,1,Cream Goodbye,2024-05-20T20:23:56.258520Z,490,/data/local-files/?d=Users/stephenthorpe/Desktop/data-science/label-studio/AtAAAOSwbKFmIeFt_s-l1600.webp,5.705,2024-05-20T20:23:56.258542Z
79,1,Fleetwood Mac,2024-05-20T21:05:05.902171Z,491,/data/local-files/?d=Users/stephenthorpe/Desktop/data-science/label-studio/BCYAAOSw0LdmKDdn_s-l500.webp,4.918,2024-05-20T21:05:05.902192Z
118,1,Non Searched,2024-05-20T21:07:22.620349Z,492,/data/local-files/?d=Users/stephenthorpe/Desktop/data-science/label-studio/BMUAAOSwXGBmN1wr_s-l500.webp,4.328,2024-05-20T21:07:22.620368Z
119,1,Cream Goodbye,2024-05-20T21:07:28.734549Z,493,/data/local-files/?d=Users/stephenthorpe/Desktop/data-science/label-studio/BnUAAOSwSGpmBjL5_s-l300.webp,3.493,2024-05-20T21:07:28.734577Z
120,1,Deep Purple,2024-05-20T21:07:33.912144Z,494,/data/local-files/?d=Users/stephenthorpe/Desktop/data-science/label-studio/BxcAAOSwKGxmKchZ_s-l1600.webp,3.902,2024-05-20T21:07:33.912161Z
121,1,The Who,2024-05-20T21:07:40.235432Z,495,/data/local-files/?d=Users/stephenthorpe/Desktop/data-science/label-studio/BysAAOSwQ69lhPcg_s-l1600.webp,4.969,2024-05-20T21:07:40.235521Z
122,1,Cream Goodbye,2024-05-20T21:07:47.147244Z,496,/data/local-files/?d=Users/stephenthorpe/Desktop/data-science/label-studio/C3sAAOSwmplmFQ9i_s-l1600.webp,5.559,2024-05-20T21:07:47.147264Z
80,1,Fleetwood Mac,2024-05-20T21:05:10.802264Z,497,/data/local-files/?d=Users/stephenthorpe/Desktop/data-science/label-studio/C6sAAOSwrl9kC2n~_s-l1600.webp,4.788,2024-05-20T21:05:10.802282Z
123,1,Cream Goodbye,2024-05-20T21:07:54.238496Z,498,/data/local-files/?d=Users/stephenthorpe/Desktop/data-science/label-studio/C7QAAOSwwfpmIjHX_s-l500.webp,3.443,2024-05-20T21:07:54.238515Z
124,1,Rolling Stones,2024-05-20T21:07:59.130296Z,499,/data/local-files/?d=Users/stephenthorpe/Desktop/data-science/label-studio/C9MAAOSwCftmJZy8_s-l500.webp,3.562,2024-05-20T21:07:59.130311Z
125,1,Deep Purple,2024-05-20T21:08:03.090288Z,500,/data/local-files/?d=Users/stephenthorpe/Desktop/data-science/label-studio/CQsAAOSwCyFmK4Z-_s-l500.webp,2.767,2024-05-20T21:08:03.090304Z
126,1,The Who,2024-05-20T21:08:08.226025Z,501,/data/local-files/?d=Users/stephenthorpe/Desktop/data-science/label-studio/CWwAAOSwIVdmIXIR_s-l500.webp,3.665,2024-05-20T21:08:08.226049Z
127,1,Fleetwood Mac,2024-05-20T21:08:16.837843Z,502,/data/local-files/?d=Users/stephenthorpe/Desktop/data-science/label-studio/CgMAAOSwhKlmOiQO_s-l500.webp,4.712,2024-05-20T21:08:16.837863Z
128,1,The Who,2024-05-20T21:08:24.521275Z,503,/data/local-files/?d=Users/stephenthorpe/Desktop/data-science/label-studio/Cr0AAOSw535mCFxO_s-l1600.webp,6.028,2024-05-20T21:08:24.521290Z
129,1,Non Searched,2024-05-20T21:08:29.446720Z,504,/data/local-files/?d=Users/stephenthorpe/Desktop/data-science/label-studio/CvEAAOSwyvlmGEYg_s-l1600.webp,3.254,2024-05-20T21:08:29.446762Z
81,1,Fleetwood Mac,2024-05-20T21:05:12.976490Z,505,/data/local-files/?d=Users/stephenthorpe/Desktop/data-science/label-studio/DBwAAOSwZjtmNYQg_s-l500.webp,2.073,2024-05-20T21:05:12.976509Z
130,1,Cream Goodbye,2024-05-20T21:08:36.229356Z,506,/data/local-files/?d=Users/stephenthorpe/Desktop/data-science/label-studio/DWUAAOSwMC5l5rF2_s-l500.webp,2.984,2024-05-20T21:08:36.229371Z
131,1,Cream,2024-05-20T21:08:41.135671Z,507,/data/local-files/?d=Users/stephenthorpe/Desktop/data-science/label-studio/DsYAAOSwL~NmJDWR_s-l1600.webp,3.554,2024-05-20T21:08:41.135688Z
132,1,The Who,2024-05-20T21:08:46.887176Z,508,/data/local-files/?d=Users/stephenthorpe/Desktop/data-science/label-studio/D~AAAOSw6ell12qB_s-l500.webp,3.189,2024-05-20T21:08:46.887194Z
133,1,Beatles,2024-05-20T21:08:53.104698Z,509,/data/local-files/?d=Users/stephenthorpe/Desktop/data-science/label-studio/E1gAAOSww6dmMkAF_s-l1600.webp,4.209,2024-05-20T21:08:53.104720Z
134,1,Non Searched,2024-05-20T21:09:03.183752Z,510,/data/local-files/?d=Users/stephenthorpe/Desktop/data-science/label-studio/E9gAAOSwM5tmHIgg_s-l500.webp,8.532,2024-05-20T21:09:03.183768Z
135,1,Cream,2024-05-20T21:09:08.205305Z,511,/data/local-files/?d=Users/stephenthorpe/Desktop/data-science/label-studio/Ek4AAOSw-dlmGSwJ_s-l1600.webp,3.355,2024-05-20T21:09:08.205322Z
136,1,Cream,2024-05-20T21:09:13.406996Z,512,/data/local-files/?d=Users/stephenthorpe/Desktop/data-science/label-studio/EwYAAOSwQrZmBdAc_s-l1600.webp,3.278,2024-05-20T21:09:13.407012Z
82,1,Fleetwood Mac,2024-05-20T21:05:15.643655Z,513,/data/local-files/?d=Users/stephenthorpe/Desktop/data-science/label-studio/F0MAAOSw82RmOQFx_s-l1600.webp,2.543,2024-05-20T21:05:15.643680Z
137,1,Non Searched,2024-05-20T21:09:24.042523Z,514,/data/local-files/?d=Users/stephenthorpe/Desktop/data-science/label-studio/FI0AAOSwY-VmFKdY_s-l1600.webp,8.946,2024-05-20T21:09:24.042538Z
138,1,Rolling Stones,2024-05-20T21:09:30.547131Z,515,/data/local-files/?d=Users/stephenthorpe/Desktop/data-science/label-studio/FLoAAOSw6UZmLkya_s-l1600.webp,5.275,2024-05-20T21:09:30.547147Z
139,1,Cream,2024-05-20T21:09:35.616967Z,516,/data/local-files/?d=Users/stephenthorpe/Desktop/data-science/label-studio/FfMAAOSww~BmGRgl_s-l1600.webp,3.859,2024-05-20T21:09:35.616989Z
140,1,Beatles,2024-05-20T21:09:41.999817Z,517,/data/local-files/?d=Users/stephenthorpe/Desktop/data-science/label-studio/Fg0AAOSwJ11mO1ot_s-l500.webp,3.76,2024-05-20T21:09:41.999837Z
83,1,Fleetwood Mac,2024-05-20T21:05:17.220478Z,518,/data/local-files/?d=Users/stephenthorpe/Desktop/data-science/label-studio/FhIAAOSwQTVmMvqQ_s-l500.webp,1.459,2024-05-20T21:05:17.220494Z
141,1,The Who,2024-05-20T21:09:47.006989Z,519,/data/local-files/?d=Users/stephenthorpe/Desktop/data-science/label-studio/FuMAAOSwx7Rl4SXw_s-l500.webp,3.388,2024-05-20T21:09:47.007005Z
142,1,Cream,2024-05-20T21:09:55.795391Z,520,/data/local-files/?d=Users/stephenthorpe/Desktop/data-science/label-studio/GIUAAOSw2GtmFAxB_s-l1600.webp,7.666,2024-05-20T21:09:55.795413Z
143,1,Rolling Stones,2024-05-20T21:10:02.369805Z,521,/data/local-files/?d=Users/stephenthorpe/Desktop/data-science/label-studio/GbwAAOSwPn5kfp8-_s-l500.webp,4.996,2024-05-20T21:10:02.369820Z
144,1,The Who,2024-05-20T21:10:08.902312Z,522,/data/local-files/?d=Users/stephenthorpe/Desktop/data-science/label-studio/H2MAAOSwJ5pmIFSB_s-l500.webp,3.919,2024-05-20T21:10:08.902333Z
145,1,The Who,2024-05-20T21:10:14.859473Z,523,/data/local-files/?d=Users/stephenthorpe/Desktop/data-science/label-studio/IKoAAOSwNH9mL~~f_s-l1600.webp,4.149,2024-05-20T21:10:14.859493Z
146,1,Rolling Stones,2024-05-20T21:10:19.830326Z,524,/data/local-files/?d=Users/stephenthorpe/Desktop/data-science/label-studio/IM8AAOSwanlmJWfr_s-l1600.webp,3.409,2024-05-20T21:10:19.830344Z
147,1,The Who,2024-05-20T21:10:25.342878Z,525,/data/local-files/?d=Users/stephenthorpe/Desktop/data-science/label-studio/INwAAOSwOyhjRHh3_s-l1600.webp,3.7,2024-05-20T21:10:25.342919Z
148,1,Deep Purple,2024-05-20T21:10:31.025192Z,526,/data/local-files/?d=Users/stephenthorpe/Desktop/data-science/label-studio/J20AAOSwhtZmK3zs_s-l500.webp,4.538,2024-05-20T21:10:31.025212Z
149,1,Non Searched,2024-05-20T21:10:45.154925Z,527,/data/local-files/?d=Users/stephenthorpe/Desktop/data-science/label-studio/JE8AAOSwYFljvyuw_s-l1600.webp,11.92,2024-05-20T21:10:45.154960Z
150,1,The Who,2024-05-20T21:10:52.694394Z,528,/data/local-files/?d=Users/stephenthorpe/Desktop/data-science/label-studio/JH4AAOSw36BmM9k-_s-l500.webp,5.645,2024-05-20T21:10:52.694410Z
151,1,Non Searched,2024-05-20T21:11:00.317273Z,529,/data/local-files/?d=Users/stephenthorpe/Desktop/data-science/label-studio/JXAAAOSwi5NmKe20_s-l500.webp,5.979,2024-05-20T21:11:00.317292Z
152,1,Deep Purple,2024-05-20T21:11:06.396378Z,530,/data/local-files/?d=Users/stephenthorpe/Desktop/data-science/label-studio/JYoAAOSwUYBlPrR8_s-l1600.webp,4.187,2024-05-20T21:11:06.396396Z
153,1,Deep Purple,2024-05-20T21:11:11.036601Z,531,/data/local-files/?d=Users/stephenthorpe/Desktop/data-science/label-studio/JbQAAOSwpTdmMFtZ_s-l1600.webp,3.249,2024-05-20T21:11:11.036619Z
154,1,Non Searched,2024-05-20T21:11:29.890827Z,532,/data/local-files/?d=Users/stephenthorpe/Desktop/data-science/label-studio/Js0AAOSwauZiXhDi_s-l500.webp,15.065,2024-05-20T21:11:29.890843Z
155,1,Cream,2024-05-20T21:11:38.011869Z,533,/data/local-files/?d=Users/stephenthorpe/Desktop/data-science/label-studio/K1oAAOSwkblmJJa3_s-l1600.webp,6.567,2024-05-20T21:11:38.011885Z
156,1,Cream,2024-05-20T21:11:43.791677Z,534,/data/local-files/?d=Users/stephenthorpe/Desktop/data-science/label-studio/K4sAAOSw3eJmJ3y7_s-l1600.webp,4.012,2024-05-20T21:11:43.791697Z
157,1,Non Searched,2024-05-20T21:11:51.643645Z,535,/data/local-files/?d=Users/stephenthorpe/Desktop/data-science/label-studio/K6EAAOSwRPBmN0-i_s-l500.webp,5.022,2024-05-20T21:11:51.643663Z
158,1,Deep Purple,2024-05-20T21:13:50.966557Z,536,/data/local-files/?d=Users/stephenthorpe/Desktop/data-science/label-studio/K9YAAOSwRKxmK3xx_s-l500.webp,11.942,2024-05-20T21:13:50.966576Z
159,1,Rolling Stones,2024-05-20T21:14:08.888579Z,537,/data/local-files/?d=Users/stephenthorpe/Desktop/data-science/label-studio/KIQAAOSwqyxmCYGA_s-l500.webp,14.777,2024-05-20T21:14:08.888595Z
160,1,Deep Purple,2024-05-20T21:14:13.092535Z,538,/data/local-files/?d=Users/stephenthorpe/Desktop/data-science/label-studio/KSMAAOSw1K5mNvAx_s-l1600.webp,2.879,2024-05-20T21:14:13.092554Z
161,1,The Who,2024-05-20T21:14:21.709056Z,539,/data/local-files/?d=Users/stephenthorpe/Desktop/data-science/label-studio/KSMAAOSw~CtmMo2u_s-l500.webp,7.558,2024-05-20T21:14:21.709074Z
162,1,Non Searched,2024-05-20T21:14:31.743110Z,540,/data/local-files/?d=Users/stephenthorpe/Desktop/data-science/label-studio/KSYAAOSwmb1mEZZh_s-l1600.webp,10.850000000000001,2024-05-20T21:14:40.654454Z
163,1,The Who,2024-05-20T21:14:45.693966Z,541,/data/local-files/?d=Users/stephenthorpe/Desktop/data-science/label-studio/KvMAAOSwsbtmLIk3_s-l300.webp,3.479,2024-05-20T21:14:45.693988Z
164,1,Non Searched,2024-05-20T21:14:52.617306Z,542,/data/local-files/?d=Users/stephenthorpe/Desktop/data-science/label-studio/K~UAAOSwnbZmNOJc_s-l1600.webp,5.848,2024-05-20T21:14:52.617327Z
165,1,The Who,2024-05-20T21:14:57.606855Z,543,/data/local-files/?d=Users/stephenthorpe/Desktop/data-science/label-studio/L3QAAOSwT8BmEMgU_s-l500.webp,3.729,2024-05-20T21:14:57.606873Z
166,1,Cream,2024-05-20T21:15:02.744840Z,544,/data/local-files/?d=Users/stephenthorpe/Desktop/data-science/label-studio/LTEAAOSwy5Fkd1EH_s-l1600.webp,3.734,2024-05-20T21:15:02.744858Z
167,1,Rolling Stones,2024-05-20T21:15:08.694554Z,545,/data/local-files/?d=Users/stephenthorpe/Desktop/data-science/label-studio/LcsAAOSwl49mIFDR_s-l1600.webp,2.86,2024-05-20T21:15:08.694570Z
168,1,Non Searched,2024-05-20T21:15:14.037004Z,546,/data/local-files/?d=Users/stephenthorpe/Desktop/data-science/label-studio/LfoAAOSwnXhlhdY3_s-l500.webp,4.164,2024-05-20T21:15:14.037023Z
169,1,Cream,2024-05-20T21:15:20.403769Z,547,/data/local-files/?d=Users/stephenthorpe/Desktop/data-science/label-studio/LkUAAOSwmXZmIS4T_s-l500.webp,5.155,2024-05-20T21:15:20.403786Z
170,1,Rolling Stones,2024-05-20T21:15:27.347716Z,548,/data/local-files/?d=Users/stephenthorpe/Desktop/data-science/label-studio/LkcAAOSwxHFmGyi-_s-l500.webp,5.687,2024-05-20T21:15:27.347734Z
171,1,Non Searched,2024-05-20T21:15:34.248456Z,549,/data/local-files/?d=Users/stephenthorpe/Desktop/data-science/label-studio/LqoAAOSwbbFmMufb_s-l1600.webp,5.871,2024-05-20T21:15:34.248472Z
172,1,Non Searched,2024-05-20T21:15:37.979847Z,550,/data/local-files/?d=Users/stephenthorpe/Desktop/data-science/label-studio/Lz0AAOSwjmdlH0kU_s-l1600.webp,2.756,2024-05-20T21:15:37.979872Z
173,1,Beatles,2024-05-20T21:15:43.657184Z,551,/data/local-files/?d=Users/stephenthorpe/Desktop/data-science/label-studio/M1gAAOSw-eJjEOu3_s-l1600.webp,4.424,2024-05-20T21:15:43.657201Z
84,1,Fleetwood Mac,2024-05-20T21:05:19.611485Z,552,/data/local-files/?d=Users/stephenthorpe/Desktop/data-science/label-studio/MEYAAOSw3epmBGSq_s-l1600.webp,2.272,2024-05-20T21:05:19.611500Z
174,1,Cream Goodbye,2024-05-20T21:16:05.311882Z,553,/data/local-files/?d=Users/stephenthorpe/Desktop/data-science/label-studio/MFIAAOSwKo1lrEwE_s-l500.webp,15.27,2024-05-20T21:16:05.311898Z
175,1,Deep Purple,2024-05-20T21:16:10.817277Z,554,/data/local-files/?d=Users/stephenthorpe/Desktop/data-science/label-studio/MPkAAOSwpmxlSpp4_s-l500.webp,3.564,2024-05-20T21:16:10.817295Z
176,1,Cream,2024-05-20T21:16:15.929409Z,555,/data/local-files/?d=Users/stephenthorpe/Desktop/data-science/label-studio/MQYAAOSwQdFmCbsB_s-l500.webp,3.811,2024-05-20T21:16:15.929427Z
177,1,Cream,2024-05-20T21:16:24.094315Z,556,/data/local-files/?d=Users/stephenthorpe/Desktop/data-science/label-studio/MVIAAOSwiLBmByLM_s-l500.webp,3.354,2024-05-20T21:16:24.094332Z
178,1,Non Searched,2024-05-20T21:16:29.041785Z,557,/data/local-files/?d=Users/stephenthorpe/Desktop/data-science/label-studio/MlEAAOSwQi9j0qGP_s-l500.webp,2.905,2024-05-20T21:16:29.041805Z
179,1,Fleetwood Mac,2024-05-20T21:16:34.239714Z,558,/data/local-files/?d=Users/stephenthorpe/Desktop/data-science/label-studio/NQ4AAOSwWp5mO35B_s-l500.webp,3.993,2024-05-20T21:16:34.239749Z
180,1,Non Searched,2024-05-20T21:16:42.009741Z,559,/data/local-files/?d=Users/stephenthorpe/Desktop/data-science/label-studio/NWYAAOSw2GpfKfja_s-l500.webp,6.461,2024-05-20T21:16:42.009756Z
181,1,Non Searched,2024-05-20T21:16:50.526539Z,560,/data/local-files/?d=Users/stephenthorpe/Desktop/data-science/label-studio/NYUAAOSwE5NkLyx-_s-l500.webp,7.518,2024-05-20T21:16:50.526560Z
85,1,Fleetwood Mac,2024-05-20T21:05:20.875580Z,561,/data/local-files/?d=Users/stephenthorpe/Desktop/data-science/label-studio/Nv8AAOSwnqtmNuCn_s-l500.webp,1.145,2024-05-20T21:05:20.875600Z
182,1,Rolling Stones,2024-05-20T21:17:01.564729Z,562,/data/local-files/?d=Users/stephenthorpe/Desktop/data-science/label-studio/N~cAAOSwhlBmFYtJ_s-l1600.webp,6.987,2024-05-20T21:17:01.564746Z
183,1,Cream Goodbye,2024-05-20T21:17:05.412169Z,563,/data/local-files/?d=Users/stephenthorpe/Desktop/data-science/label-studio/N~kAAOSwsTVl1Woa_s-l1600.webp,2.021,2024-05-20T21:17:05.412184Z
184,1,Cream Goodbye,2024-05-20T21:17:13.678103Z,564,/data/local-files/?d=Users/stephenthorpe/Desktop/data-science/label-studio/O38AAOSw679mKMQ8_s-l300.webp,5.763,2024-05-20T21:17:13.678122Z
185,1,The Who,2024-05-20T21:17:19.389126Z,565,/data/local-files/?d=Users/stephenthorpe/Desktop/data-science/label-studio/OB0AAOSwxuNmJprR_s-l1600.webp,4.034,2024-05-20T21:17:19.389147Z
186,1,Cream Goodbye,2024-05-20T21:17:27.753554Z,566,/data/local-files/?d=Users/stephenthorpe/Desktop/data-science/label-studio/OGQAAOSwd9BmIeH3_s-l500.webp,7.036,2024-05-20T21:17:27.753575Z
187,1,Non Searched,2024-05-20T21:17:33.282388Z,567,/data/local-files/?d=Users/stephenthorpe/Desktop/data-science/label-studio/OH0AAOSwMEZmMpP9_s-l500.webp,4.374,2024-05-20T21:17:33.282408Z
188,1,Cream,2024-05-20T21:17:45.583062Z,568,/data/local-files/?d=Users/stephenthorpe/Desktop/data-science/label-studio/OYQAAOSwduRmBq~t_s-l500.webp,11.287,2024-05-20T21:17:45.583076Z
189,1,Cream Goodbye,2024-05-20T21:18:22.934576Z,569,/data/local-files/?d=Users/stephenthorpe/Desktop/data-science/label-studio/OaAAAOSwwTtgE1qq_s-l500.webp,35.901,2024-05-20T21:18:22.934597Z
190,1,Rolling Stones,2024-05-20T21:18:32.596816Z,570,/data/local-files/?d=Users/stephenthorpe/Desktop/data-science/label-studio/OakAAOSwsPpmAyKk_s-l500.webp,6.061,2024-05-20T21:18:32.596831Z
191,1,Cream Goodbye,2024-05-20T21:18:42.792137Z,571,/data/local-files/?d=Users/stephenthorpe/Desktop/data-science/label-studio/OawAAOSwaKpkENYz_s-l1600.webp,8.583,2024-05-20T21:18:42.792152Z
192,1,Deep Purple,2024-05-20T21:18:50.393824Z,572,/data/local-files/?d=Users/stephenthorpe/Desktop/data-science/label-studio/OiUAAOSwiGNmLswo_s-l1600.webp,5.214,2024-05-20T21:18:50.393844Z
193,1,Rolling Stones,2024-05-20T21:18:57.980193Z,573,/data/local-files/?d=Users/stephenthorpe/Desktop/data-science/label-studio/O~oAAOSwm~pmOUfZ_s-l1600.webp,5.798,2024-05-20T21:18:57.980210Z
86,1,Fleetwood Mac,2024-05-20T21:05:22.357650Z,574,/data/local-files/?d=Users/stephenthorpe/Desktop/data-science/label-studio/O~wAAOSw42VmM6pJ_s-l500.webp,1.365,2024-05-20T21:05:22.357688Z
194,1,Rolling Stones,2024-05-20T21:19:02.101687Z,575,/data/local-files/?d=Users/stephenthorpe/Desktop/data-science/label-studio/PBMAAOSwU51mMk4d_s-l1600.webp,2.752,2024-05-20T21:19:02.101702Z
195,1,Cream,2024-05-20T21:19:09.043133Z,576,/data/local-files/?d=Users/stephenthorpe/Desktop/data-science/label-studio/PdwAAOSwBjBmD2MQ_s-l1600.webp,3.042,2024-05-20T21:19:09.043156Z
196,1,Non Searched,2024-05-20T21:19:16.151695Z,577,/data/local-files/?d=Users/stephenthorpe/Desktop/data-science/label-studio/PoYAAOSw5WxmO-Uh_s-l500.webp,5.722,2024-05-20T21:19:16.151711Z
197,1,Cream,2024-05-20T21:19:20.152185Z,578,/data/local-files/?d=Users/stephenthorpe/Desktop/data-science/label-studio/Q3sAAOSwxGBmKC1R_s-l1600.webp,2.687,2024-05-20T21:19:20.152200Z
87,1,Fleetwood Mac,2024-05-20T21:05:23.625216Z,579,/data/local-files/?d=Users/stephenthorpe/Desktop/data-science/label-studio/QG0AAOSwFEVmL89i_s-l500.webp,1.156,2024-05-20T21:05:23.625233Z
198,1,Non Searched,2024-05-20T21:19:24.547029Z,580,/data/local-files/?d=Users/stephenthorpe/Desktop/data-science/label-studio/QIUAAOSwCbRlLiha_s-l1600.webp,2.802,2024-05-20T21:19:24.547067Z
199,1,Non Searched,2024-05-20T21:19:29.052665Z,581,/data/local-files/?d=Users/stephenthorpe/Desktop/data-science/label-studio/QcQAAOSwvw5jxdLD_s-l500.webp,3.472,2024-05-20T21:19:29.052684Z
200,1,Non Searched,2024-05-20T21:19:36.030442Z,582,/data/local-files/?d=Users/stephenthorpe/Desktop/data-science/label-studio/QigAAOSwEXpmMY8i_s-l1600.webp,4.579,2024-05-20T21:19:36.030459Z
201,1,Deep Purple,2024-05-20T21:19:44.203198Z,583,/data/local-files/?d=Users/stephenthorpe/Desktop/data-science/label-studio/QsgAAOSwG35mCdLO_s-l1600.webp,6.844,2024-05-20T21:19:44.203215Z
202,1,Cream,2024-05-20T21:19:49.358189Z,584,/data/local-files/?d=Users/stephenthorpe/Desktop/data-science/label-studio/RfYAAOSw~EtlSh7b_s-l500.webp,3.581,2024-05-20T21:19:49.358210Z
203,1,Deep Purple,2024-05-20T21:19:54.900490Z,585,/data/local-files/?d=Users/stephenthorpe/Desktop/data-science/label-studio/RhgAAOSwWLhmJrtK_s-l500.webp,3.995,2024-05-20T21:19:54.900507Z
204,1,Deep Purple,2024-05-20T21:20:00.168832Z,586,/data/local-files/?d=Users/stephenthorpe/Desktop/data-science/label-studio/RxkAAOSwJtllrqR3_s-l500.webp,3.925,2024-05-20T21:20:00.168853Z
205,1,Non Searched,2024-05-20T21:20:06.898803Z,587,/data/local-files/?d=Users/stephenthorpe/Desktop/data-science/label-studio/R~kAAOSw~JJmDWj8_s-l1600.webp,5.468,2024-05-20T21:20:06.898817Z
206,1,Deep Purple,2024-05-20T21:20:11.532733Z,588,/data/local-files/?d=Users/stephenthorpe/Desktop/data-science/label-studio/S5kAAOSww3tmK4UP_s-l500.webp,3.381,2024-05-20T21:20:11.532779Z
207,1,Non Searched,2024-05-20T21:20:18.619369Z,589,/data/local-files/?d=Users/stephenthorpe/Desktop/data-science/label-studio/SSMAAOSwqqBmM6SZ_s-l500.webp,4.6,2024-05-20T21:20:18.619384Z
208,1,Cream Goodbye,2024-05-20T21:20:22.652496Z,590,/data/local-files/?d=Users/stephenthorpe/Desktop/data-science/label-studio/Sq8AAOSw8KRl88Ej_s-l500.webp,2.548,2024-05-20T21:20:22.652512Z
209,1,Rolling Stones,2024-05-20T21:20:26.161615Z,591,/data/local-files/?d=Users/stephenthorpe/Desktop/data-science/label-studio/SyEAAOSwnYxmN2aC_s-l1600.webp,2.48,2024-05-20T21:20:26.161636Z
210,1,Rolling Stones,2024-05-20T21:20:30.208164Z,592,/data/local-files/?d=Users/stephenthorpe/Desktop/data-science/label-studio/T9EAAOSwJWRleJpj_s-l1600.webp,2.881,2024-05-20T21:20:30.208180Z
211,1,Non Searched,2024-05-20T21:20:38.100679Z,593,/data/local-files/?d=Users/stephenthorpe/Desktop/data-science/label-studio/TGcAAOSwojRly78q_s-l500.webp,5.068,2024-05-20T21:20:38.100700Z
212,1,Cream,2024-05-20T21:20:42.900071Z,594,/data/local-files/?d=Users/stephenthorpe/Desktop/data-science/label-studio/TLsAAOSwBSpmDMOk_s-l1600.webp,2.895,2024-05-20T21:20:42.900088Z
88,1,Fleetwood Mac,2024-05-20T21:05:24.928996Z,595,/data/local-files/?d=Users/stephenthorpe/Desktop/data-science/label-studio/TW0AAOSwaTpmLSrT_s-l1600.webp,1.184,2024-05-20T21:05:24.929033Z
213,1,Beatles,2024-05-20T21:20:47.855436Z,596,/data/local-files/?d=Users/stephenthorpe/Desktop/data-science/label-studio/TzoAAOSwn0pmOndD_s-l1600.webp,2.936,2024-05-20T21:20:47.855474Z
214,1,Non Searched,2024-05-20T21:20:53.010106Z,597,/data/local-files/?d=Users/stephenthorpe/Desktop/data-science/label-studio/UIAAAOSwDuZmCw-K_s-l500.webp,3.593,2024-05-20T21:20:53.010127Z
215,1,The Who,2024-05-20T21:20:58.615739Z,598,/data/local-files/?d=Users/stephenthorpe/Desktop/data-science/label-studio/UKkAAOSwMGNmIIg-_s-l1600.webp,4.241,2024-05-20T21:20:58.615754Z
216,1,Cream Goodbye,2024-05-20T21:21:05.327886Z,599,/data/local-files/?d=Users/stephenthorpe/Desktop/data-science/label-studio/UL0AAOSwy2lmBmuc_s-l1600.webp,5.338,2024-05-20T21:21:05.327904Z
217,1,Beatles,2024-05-20T21:21:14.659259Z,600,/data/local-files/?d=Users/stephenthorpe/Desktop/data-science/label-studio/UR0AAOSwjw9l39oa_s-l1600.webp,7.356,2024-05-20T21:21:14.659276Z
218,1,Cream,2024-05-20T21:21:58.817033Z,601,/data/local-files/?d=Users/stephenthorpe/Desktop/data-science/label-studio/UcMAAOSwT-1lV6qO_s-l500.webp,6.768,2024-05-20T21:21:58.817048Z
219,1,Cream,2024-05-20T21:22:04.318057Z,602,/data/local-files/?d=Users/stephenthorpe/Desktop/data-science/label-studio/UxsAAOSwe4FmHGDW_s-l1600.webp,3.831,2024-05-20T21:22:04.318072Z
220,1,Beatles,2024-05-20T21:22:08.960077Z,603,/data/local-files/?d=Users/stephenthorpe/Desktop/data-science/label-studio/V1MAAOSwkSZl8biO_s-l500.webp,3.283,2024-05-20T21:22:08.960094Z
221,1,Deep Purple,2024-05-20T21:22:17.946247Z,604,/data/local-files/?d=Users/stephenthorpe/Desktop/data-science/label-studio/VAgAAOSw4olmBvBU_s-l500.webp,7.007,2024-05-20T21:22:17.946259Z
222,1,Non Searched,2024-05-20T21:22:26.614084Z,605,/data/local-files/?d=Users/stephenthorpe/Desktop/data-science/label-studio/VZQAAOSw9Q1mHY74_s-l1600.webp,7.219,2024-05-20T21:22:26.614097Z
223,1,The Who,2024-05-20T21:22:33.032831Z,606,/data/local-files/?d=Users/stephenthorpe/Desktop/data-science/label-studio/Vq0AAOSw20VmIALi_s-l500.webp,4.074,2024-05-20T21:22:33.032847Z
224,1,Non Searched,2024-05-20T21:22:38.016531Z,607,/data/local-files/?d=Users/stephenthorpe/Desktop/data-science/label-studio/Vq8AAOSw9~VmO-sp_s-l500.webp,3.517,2024-05-20T21:22:38.016546Z
225,1,Deep Purple,2024-05-20T21:22:48.357650Z,608,/data/local-files/?d=Users/stephenthorpe/Desktop/data-science/label-studio/VrwAAOSwT7ZjKO~M_s-l500.webp,4.946,2024-05-20T21:22:48.357672Z
226,1,Non Searched,2024-05-20T21:22:56.568303Z,609,/data/local-files/?d=Users/stephenthorpe/Desktop/data-science/label-studio/VvEAAOSw88ZkhjTA_s-l500.webp,5.524,2024-05-20T21:22:56.568324Z
227,1,Non Searched,2024-05-20T21:23:01.646926Z,610,/data/local-files/?d=Users/stephenthorpe/Desktop/data-science/label-studio/WGMAAOSwXatlQRY8_s-l500.webp,3.489,2024-05-20T21:23:01.646943Z
228,1,Cream Goodbye,2024-05-20T21:23:09.330624Z,611,/data/local-files/?d=Users/stephenthorpe/Desktop/data-science/label-studio/WJ0AAOSwNFZl45Hr_s-l500.webp,6.428,2024-05-20T21:23:09.330639Z
229,1,Beatles,2024-05-20T21:24:17.017733Z,612,/data/local-files/?d=Users/stephenthorpe/Desktop/data-science/label-studio/WVYAAOSwJ~dihkue_s-l500.webp,3.668,2024-05-20T21:24:17.017752Z
230,1,Deep Purple,2024-05-20T21:24:27.565674Z,613,/data/local-files/?d=Users/stephenthorpe/Desktop/data-science/label-studio/Wl4AAOSw6vVl8nxq_s-l300.webp,6.089,2024-05-20T21:24:27.565694Z
231,1,Deep Purple,2024-05-20T21:24:35.443522Z,614,/data/local-files/?d=Users/stephenthorpe/Desktop/data-science/label-studio/WlwAAOSwBuxmK3xy_s-l1600.webp,5.567,2024-05-20T21:24:35.443538Z
232,1,Beatles,2024-05-20T21:24:42.574364Z,615,/data/local-files/?d=Users/stephenthorpe/Desktop/data-science/label-studio/WwIAAOSw7NxmMah8_s-l1600.webp,4.819,2024-05-20T21:24:42.574382Z
233,1,Non Searched,2024-05-20T21:24:55.262051Z,616,/data/local-files/?d=Users/stephenthorpe/Desktop/data-science/label-studio/Wx4AAOSw~LJi2ZYy_s-l1600.webp,10.08,2024-05-20T21:24:55.262071Z
234,1,Deep Purple,2024-05-20T21:25:02.251934Z,617,/data/local-files/?d=Users/stephenthorpe/Desktop/data-science/label-studio/XR8AAOSwEqNmKHXJ_s-l500.webp,5.212,2024-05-20T21:25:02.251950Z
235,1,Deep Purple,2024-05-20T21:25:09.285636Z,618,/data/local-files/?d=Users/stephenthorpe/Desktop/data-science/label-studio/XfAAAOSw8SdmFZEB_s-l1600.webp,4.704,2024-05-20T21:25:09.285654Z
236,1,Deep Purple,2024-05-20T21:25:23.175891Z,619,/data/local-files/?d=Users/stephenthorpe/Desktop/data-science/label-studio/XmAAAOSw519mH~OL_s-l500.webp,4.136,2024-05-20T21:25:23.175909Z
237,1,Cream Goodbye,2024-05-20T21:25:31.288332Z,620,/data/local-files/?d=Users/stephenthorpe/Desktop/data-science/label-studio/Y5oAAOSwWZZjLN2Z_s-l1600.webp,5.785,2024-05-20T21:25:31.288347Z
238,1,Rolling Stones,2024-05-20T21:25:38.509828Z,621,/data/local-files/?d=Users/stephenthorpe/Desktop/data-science/label-studio/YD8AAOSwz7lldyQ4_s-l500.webp,5.552,2024-05-20T21:25:38.509847Z
239,1,Deep Purple,2024-05-20T21:25:50.883002Z,622,/data/local-files/?d=Users/stephenthorpe/Desktop/data-science/label-studio/YLgAAOSwWqhmEZ65_s-l1600.webp,10.56,2024-05-20T21:25:50.883021Z
240,1,Beatles,2024-05-20T21:25:56.241712Z,623,/data/local-files/?d=Users/stephenthorpe/Desktop/data-science/label-studio/YLsAAOSwFrRk723v_s-l500.webp,2.837,2024-05-20T21:25:56.241732Z
89,1,Fleetwood Mac,2024-05-20T21:05:26.544028Z,624,/data/local-files/?d=Users/stephenthorpe/Desktop/data-science/label-studio/YZUAAOSwM5FmMlT8_s-l1600.webp,1.492,2024-05-20T21:05:26.544045Z
241,1,Non Searched,2024-05-20T21:26:01.534116Z,625,/data/local-files/?d=Users/stephenthorpe/Desktop/data-science/label-studio/YqcAAOSwtK9k02uS_s-l500.webp,3.039,2024-05-20T21:26:01.534134Z
90,1,Fleetwood Mac,2024-05-20T21:05:27.942434Z,626,/data/local-files/?d=Users/stephenthorpe/Desktop/data-science/label-studio/Z0IAAOSwKK1mN8UT_s-l1600.webp,1.284,2024-05-20T21:05:27.942451Z
242,1,Non Searched,2024-05-20T21:26:06.999371Z,627,/data/local-files/?d=Users/stephenthorpe/Desktop/data-science/label-studio/ZAkAAOSw7rZlLSkj_s-l500.webp,2.972,2024-05-20T21:26:06.999389Z
243,1,The Who,2024-05-20T21:26:12.041237Z,628,/data/local-files/?d=Users/stephenthorpe/Desktop/data-science/label-studio/ZHYAAOSwdVNlN-sa_s-l300.webp,3.663,2024-05-20T21:26:12.041254Z
244,1,Non Searched,2024-05-20T21:26:18.770203Z,629,/data/local-files/?d=Users/stephenthorpe/Desktop/data-science/label-studio/ZJoAAOSwL1xkUkky_s-l300.webp,4.409,2024-05-20T21:26:18.770220Z
245,1,Deep Purple,2024-05-20T21:26:23.812290Z,630,/data/local-files/?d=Users/stephenthorpe/Desktop/data-science/label-studio/ZTIAAOSwxp1mJ3yg_s-l1600.webp,3.453,2024-05-20T21:26:23.812311Z
246,1,Non Searched,2024-05-20T21:26:28.366556Z,631,/data/local-files/?d=Users/stephenthorpe/Desktop/data-science/label-studio/ZUIAAOSwFkZmD1d-_s-l1600.webp,2.947,2024-05-20T21:26:28.366573Z
91,1,Fleetwood Mac,2024-05-20T21:05:29.111740Z,632,/data/local-files/?d=Users/stephenthorpe/Desktop/data-science/label-studio/ZaUAAOSw8Y1mNnjI_s-l1600.webp,1.048,2024-05-20T21:05:29.111759Z
247,1,Rolling Stones,2024-05-20T21:26:34.281941Z,633,/data/local-files/?d=Users/stephenthorpe/Desktop/data-science/label-studio/ZmQAAOSwia9l~iUo_s-l1600.webp,3.711,2024-05-20T21:26:34.281959Z
248,1,Cream Goodbye,2024-05-20T21:26:43.101050Z,634,/data/local-files/?d=Users/stephenthorpe/Desktop/data-science/label-studio/ZmsAAOSwKCJmHCtS_s-l500.webp,7.683,2024-05-20T21:26:43.101068Z
92,1,Fleetwood Mac,2024-05-20T21:05:31.595628Z,635,/data/local-files/?d=Users/stephenthorpe/Desktop/data-science/label-studio/ZvMAAOSwZPVl9gs9_s-l500.webp,2.364,2024-05-20T21:05:31.595649Z
249,1,Rolling Stones,2024-05-20T21:26:55.101122Z,636,/data/local-files/?d=Users/stephenthorpe/Desktop/data-science/label-studio/asAAAOSwXidmHwMc_s-l500.webp,9.015,2024-05-20T21:26:55.101146Z
93,1,Fleetwood Mac,2024-05-20T21:05:34.286986Z,637,/data/local-files/?d=Users/stephenthorpe/Desktop/data-science/label-studio/b1gAAOSwfOpmGzzj_s-l1600.webp,2.58,2024-05-20T21:05:34.287003Z
250,1,The Who,2024-05-20T21:27:00.186940Z,638,/data/local-files/?d=Users/stephenthorpe/Desktop/data-science/label-studio/bNAAAOSwsBBlrZJ2_s-l500.webp,2.625,2024-05-20T21:27:00.186958Z
251,1,Deep Purple,2024-05-20T21:27:08.159793Z,639,/data/local-files/?d=Users/stephenthorpe/Desktop/data-science/label-studio/blEAAOSwlCFl-JkT_s-l300.webp,4.956,2024-05-20T21:27:08.159811Z
252,1,Cream Goodbye,2024-05-20T21:27:34.817339Z,640,/data/local-files/?d=Users/stephenthorpe/Desktop/data-science/label-studio/bpgAAOSw8slmEITN_s-l1600.webp,5.064,2024-05-20T21:27:34.817356Z
253,1,Beatles,2024-05-20T21:27:39.443222Z,641,/data/local-files/?d=Users/stephenthorpe/Desktop/data-science/label-studio/c8MAAOSwZh9lCNXW_s-l500.webp,2.475,2024-05-20T21:27:39.443242Z
254,1,Deep Purple,2024-05-20T21:27:45.266434Z,642,/data/local-files/?d=Users/stephenthorpe/Desktop/data-science/label-studio/cKIAAOSwSudmM3PA_s-l1600.webp,2.699,2024-05-20T21:27:45.266451Z
255,1,Cream Goodbye,2024-05-20T21:27:50.336144Z,643,/data/local-files/?d=Users/stephenthorpe/Desktop/data-science/label-studio/cOEAAOSwAx9lnBCg_s-l500.webp,2.954,2024-05-20T21:27:50.336170Z
256,1,Cream Goodbye,2024-05-20T21:27:57.251945Z,644,/data/local-files/?d=Users/stephenthorpe/Desktop/data-science/label-studio/cR0AAOSwWt1mC3tL_s-l300.webp,4.873,2024-05-20T21:27:57.251972Z
94,1,Fleetwood Mac,2024-05-20T21:05:36.217960Z,645,/data/local-files/?d=Users/stephenthorpe/Desktop/data-science/label-studio/cRkAAOSwILJmKj28_s-l500.webp,1.828,2024-05-20T21:05:36.217978Z
257,1,Rolling Stones,2024-05-20T21:28:10.042070Z,646,/data/local-files/?d=Users/stephenthorpe/Desktop/data-science/label-studio/cT8AAOSwb7NggX7w_s-l500.webp,4.735,2024-05-20T21:28:10.042088Z
258,1,Cream,2024-05-20T21:28:15.280021Z,647,/data/local-files/?d=Users/stephenthorpe/Desktop/data-science/label-studio/cg0AAOSwZN5laq-C_s-l1600.webp,3.164,2024-05-20T21:28:15.280036Z
95,1,Fleetwood Mac,2024-05-20T21:05:37.552532Z,648,/data/local-files/?d=Users/stephenthorpe/Desktop/data-science/label-studio/czIAAOSwC2xlDQ1-_s-l500.webp,1.225,2024-05-20T21:05:37.552549Z
259,1,Deep Purple,2024-05-20T21:28:21.894881Z,649,/data/local-files/?d=Users/stephenthorpe/Desktop/data-science/label-studio/d6sAAOSwiaRmMFR1_s-l1600.webp,4.408,2024-05-20T21:28:21.894924Z
260,1,Cream Goodbye,2024-05-20T21:28:28.214769Z,650,/data/local-files/?d=Users/stephenthorpe/Desktop/data-science/label-studio/dR4AAOSwVQpmGrDd_s-l500.webp,2.935,2024-05-20T21:28:28.214792Z
96,1,Fleetwood Mac,2024-05-20T21:05:39.041992Z,651,/data/local-files/?d=Users/stephenthorpe/Desktop/data-science/label-studio/diEAAOSwk3RmDZBc_s-l1600.webp,1.372,2024-05-20T21:05:39.042012Z
261,1,Deep Purple,2024-05-20T21:28:36.505875Z,652,/data/local-files/?d=Users/stephenthorpe/Desktop/data-science/label-studio/dqIAAOSwjqlmKbzK_s-l1600.webp,6.083,2024-05-20T21:28:36.505894Z
262,1,Rolling Stones,2024-05-20T21:28:41.365469Z,653,/data/local-files/?d=Users/stephenthorpe/Desktop/data-science/label-studio/dxIAAOSwLQtmFwPL_s-l500.webp,2.809,2024-05-20T21:28:41.365487Z
263,1,The Who,2024-05-20T21:28:46.881669Z,654,/data/local-files/?d=Users/stephenthorpe/Desktop/data-science/label-studio/e00AAOSwJ0RmGtnl_s-l1600.webp,3.43,2024-05-20T21:28:46.881685Z
264,1,Cream,2024-05-20T21:28:51.949314Z,655,/data/local-files/?d=Users/stephenthorpe/Desktop/data-science/label-studio/e1UAAOSwvcBmBsSt_s-l1600.webp,3.094,2024-05-20T21:28:51.949336Z
265,1,Deep Purple,2024-05-20T21:28:56.616080Z,656,/data/local-files/?d=Users/stephenthorpe/Desktop/data-science/label-studio/e5sAAOSwqU1lbVjc_s-l500.webp,3.056,2024-05-20T21:28:56.616095Z
266,1,Non Searched,2024-05-20T21:29:03.311777Z,657,/data/local-files/?d=Users/stephenthorpe/Desktop/data-science/label-studio/e98AAOSwxYxl-de7_s-l300.webp,2.801,2024-05-20T21:29:03.311793Z
267,1,Cream,2024-05-20T21:29:11.398326Z,658,/data/local-files/?d=Users/stephenthorpe/Desktop/data-science/label-studio/eFAAAOSwSRJl8q1O_s-l500.webp,3.296,2024-05-20T21:29:11.398351Z
268,1,Cream,2024-05-20T21:29:17.095659Z,659,/data/local-files/?d=Users/stephenthorpe/Desktop/data-science/label-studio/eN0AAOSw1qJl~gGX_s-l1600.webp,3.756,2024-05-20T21:29:17.095677Z
269,1,Cream,2024-05-20T21:29:21.454495Z,660,/data/local-files/?d=Users/stephenthorpe/Desktop/data-science/label-studio/ebYAAOSwNqZmGDp5_s-l500.webp,2.459,2024-05-20T21:29:21.454514Z
270,1,The Who,2024-05-20T21:29:25.912059Z,661,/data/local-files/?d=Users/stephenthorpe/Desktop/data-science/label-studio/eoQAAOSwjrlmHjzb_s-l500.webp,2.628,2024-05-20T21:29:25.912076Z
271,1,Deep Purple,2024-05-20T21:29:31.716890Z,662,/data/local-files/?d=Users/stephenthorpe/Desktop/data-science/label-studio/fA8AAOSw5cVlxRrY_s-l500.webp,3.846,2024-05-20T21:29:31.716911Z
272,1,Cream,2024-05-20T21:29:42.276900Z,663,/data/local-files/?d=Users/stephenthorpe/Desktop/data-science/label-studio/fJ0AAOSwxxpiQtMI_s-l1600.webp,8.533,2024-05-20T21:29:42.276928Z
97,1,Fleetwood Mac,2024-05-20T21:05:40.432604Z,664,/data/local-files/?d=Users/stephenthorpe/Desktop/data-science/label-studio/fU0AAOSwjKhmNjNj_s-l300.webp,1.28,2024-05-20T21:05:40.432621Z
273,1,Cream,2024-05-20T21:29:49.548261Z,665,/data/local-files/?d=Users/stephenthorpe/Desktop/data-science/label-studio/fwgAAOSwVP5mHA5U_s-l300.webp,4.779,2024-05-20T21:29:49.548281Z
274,1,Non Searched,2024-05-20T21:29:54.249832Z,666,/data/local-files/?d=Users/stephenthorpe/Desktop/data-science/label-studio/g1MAAOSwMgJmNyGF_s-l1600.webp,2.749,2024-05-20T21:29:54.249849Z
275,1,Deep Purple,2024-05-20T21:30:00.867811Z,667,/data/local-files/?d=Users/stephenthorpe/Desktop/data-science/label-studio/g3UAAOSwRxhlzAzV_s-l500.webp,4.268,2024-05-20T21:30:00.867827Z
276,1,Deep Purple,2024-05-20T21:30:06.251747Z,668,/data/local-files/?d=Users/stephenthorpe/Desktop/data-science/label-studio/g8QAAOSwqZpmLB4Y_s-l500.webp,3.761,2024-05-20T21:30:06.251768Z
277,1,Cream,2024-05-20T21:30:10.822431Z,669,/data/local-files/?d=Users/stephenthorpe/Desktop/data-science/label-studio/gMAAAOSwj9llSpwP_s-l1600.webp,2.722,2024-05-20T21:30:10.822450Z
278,1,The Who,2024-05-20T21:30:15.967802Z,670,/data/local-files/?d=Users/stephenthorpe/Desktop/data-science/label-studio/gPoAAOSwIp1mLatB_s-l1600.webp,3.694,2024-05-20T21:30:15.967821Z
279,1,Cream,2024-05-20T21:30:19.956010Z,671,/data/local-files/?d=Users/stephenthorpe/Desktop/data-science/label-studio/gXcAAOSw3pdmEGnR_s-l1600.webp,2.682,2024-05-20T21:30:19.956027Z
280,1,Non Searched,2024-05-20T21:30:28.645949Z,672,/data/local-files/?d=Users/stephenthorpe/Desktop/data-science/label-studio/ghkAAOSwK6xlhU9C_s-l500.webp,6.609,2024-05-20T21:30:28.645969Z
281,1,Deep Purple,2024-05-20T21:30:32.848685Z,673,/data/local-files/?d=Users/stephenthorpe/Desktop/data-science/label-studio/gwQAAOSwodlmK4VQ_s-l500.webp,2.686,2024-05-20T21:30:32.848710Z
98,1,Fleetwood Mac,2024-05-20T21:05:41.660167Z,674,/data/local-files/?d=Users/stephenthorpe/Desktop/data-science/label-studio/hAoAAOSwmZ1mK4Yn_s-l500.webp,1.105,2024-05-20T21:05:41.660189Z
282,1,Rolling Stones,2024-05-20T21:30:38.876297Z,675,/data/local-files/?d=Users/stephenthorpe/Desktop/data-science/label-studio/i2wAAOSwYHZl1NUW_s-l1600.webp,3.187,2024-05-20T21:30:38.876312Z
283,1,Cream,2024-05-20T21:30:44.142691Z,676,/data/local-files/?d=Users/stephenthorpe/Desktop/data-science/label-studio/i50AAOSw0phmHJow_s-l1600.webp,3.052,2024-05-20T21:30:44.142704Z
284,1,The Who,2024-05-20T21:30:54.450550Z,677,/data/local-files/?d=Users/stephenthorpe/Desktop/data-science/label-studio/iHgAAOSwFnFmHW7u_s-l500.webp,8.021,2024-05-20T21:30:54.450568Z
285,1,Cream,2024-05-20T21:31:06.772679Z,678,/data/local-files/?d=Users/stephenthorpe/Desktop/data-science/label-studio/idQAAOSwSuRl~cwy_s-l500.webp,10.083,2024-05-20T21:31:06.772702Z
286,1,Rolling Stones,2024-05-20T21:31:13.885863Z,679,/data/local-files/?d=Users/stephenthorpe/Desktop/data-science/label-studio/in4AAOSwvDZlW-pk_s-l1600.webp,5.691,2024-05-20T21:31:13.885883Z
287,1,Beatles,2024-05-20T21:31:32.686875Z,680,/data/local-files/?d=Users/stephenthorpe/Desktop/data-science/label-studio/itgAAOSwq5Fl7gkb_s-l1600.webp,15.82,2024-05-20T21:31:32.686890Z
288,1,Deep Purple,2024-05-20T21:31:39.197106Z,681,/data/local-files/?d=Users/stephenthorpe/Desktop/data-science/label-studio/jDwAAOSw0EVmLobv_s-l1600.webp,4.482,2024-05-20T21:31:39.197121Z
289,1,Rolling Stones,2024-05-20T21:31:45.999633Z,682,/data/local-files/?d=Users/stephenthorpe/Desktop/data-science/label-studio/jIcAAOSw6jlmAiZe_s-l1600.webp,4.395,2024-05-20T21:31:45.999649Z
99,1,Fleetwood Mac,2024-05-20T21:05:44.785101Z,683,/data/local-files/?d=Users/stephenthorpe/Desktop/data-science/label-studio/jN4AAOSwog1khmCL_s-l500.webp,3.009,2024-05-20T21:05:44.785122Z
290,1,Fleetwood Mac,2024-05-20T21:31:54.816791Z,684,/data/local-files/?d=Users/stephenthorpe/Desktop/data-science/label-studio/jWsAAOSw-0pmMFgr_s-l500.webp,6.029,2024-05-20T21:31:54.816805Z
291,1,Fleetwood Mac,2024-05-20T21:32:01.799788Z,685,/data/local-files/?d=Users/stephenthorpe/Desktop/data-science/label-studio/jeEAAOSwXnVmM1aX_s-l1600.webp,5.076,2024-05-20T21:32:01.799803Z
292,1,Cream,2024-05-20T21:32:11.432371Z,686,/data/local-files/?d=Users/stephenthorpe/Desktop/data-science/label-studio/jjYAAOSw3aVmLWlJ_s-l500.webp,7.183,2024-05-20T21:32:11.432388Z
293,1,Cream,2024-05-20T21:32:17.355069Z,687,/data/local-files/?d=Users/stephenthorpe/Desktop/data-science/label-studio/josAAOSwgptl~qfj_s-l1600.webp,4.176,2024-05-20T21:32:17.355088Z
294,1,Beatles,2024-05-20T21:32:27.752548Z,688,/data/local-files/?d=Users/stephenthorpe/Desktop/data-science/label-studio/jq8AAOSw25lmAS2K_s-l500.webp,5.333,2024-05-20T21:32:27.752570Z
295,1,Non Searched,2024-05-20T21:32:35.937254Z,689,/data/local-files/?d=Users/stephenthorpe/Desktop/data-science/label-studio/jtUAAOSwd9dmAdub_s-l500.webp,4.121,2024-05-20T21:32:35.937268Z
296,1,Non Searched,2024-05-20T21:32:44.258634Z,690,/data/local-files/?d=Users/stephenthorpe/Desktop/data-science/label-studio/jygAAOSwuxZmFfZr_s-l500.webp,6.759,2024-05-20T21:32:44.258648Z
297,1,Deep Purple,2024-05-20T21:32:49.933231Z,691,/data/local-files/?d=Users/stephenthorpe/Desktop/data-science/label-studio/jzQAAOSwAQ5l6Dfl_s-l1600.webp,3.981,2024-05-20T21:32:49.933248Z
298,1,Deep Purple,2024-05-20T21:32:58.852919Z,692,/data/local-files/?d=Users/stephenthorpe/Desktop/data-science/label-studio/kAQAAOSwkEhlO9u0_s-l1600.webp,7.121,2024-05-20T21:32:58.852933Z
299,1,Non Searched,2024-05-20T21:33:06.135035Z,693,/data/local-files/?d=Users/stephenthorpe/Desktop/data-science/label-studio/kCkAAOSwpYNkfLLD_s-l300.webp,4.767,2024-05-20T21:33:06.135053Z
100,1,Fleetwood Mac,2024-05-20T21:05:46.178132Z,694,/data/local-files/?d=Users/stephenthorpe/Desktop/data-science/label-studio/kEQAAOSw~8JmLo9m_s-l500.webp,1.266,2024-05-20T21:05:46.178152Z
300,1,Deep Purple,2024-05-20T21:33:11.267877Z,695,/data/local-files/?d=Users/stephenthorpe/Desktop/data-science/label-studio/kQEAAOSwVbBmIXp7_s-l500.webp,3.318,2024-05-20T21:33:11.267892Z
301,1,Rolling Stones,2024-05-20T21:33:15.190882Z,696,/data/local-files/?d=Users/stephenthorpe/Desktop/data-science/label-studio/kksAAOSwADNlwVQJ_s-l500.webp,2.209,2024-05-20T21:33:15.190897Z
101,1,Fleetwood Mac,2024-05-20T21:05:47.362624Z,697,/data/local-files/?d=Users/stephenthorpe/Desktop/data-science/label-studio/l1cAAOSwB2ZmAfX3_s-l1600.webp,1.06,2024-05-20T21:05:47.362643Z
302,1,The Who,2024-05-20T21:33:24.573927Z,698,/data/local-files/?d=Users/stephenthorpe/Desktop/data-science/label-studio/l8cAAOSwYS9mHvcw_s-l500.webp,6.558,2024-05-20T21:33:24.573941Z
303,1,Beatles,2024-05-20T21:33:30.948730Z,699,/data/local-files/?d=Users/stephenthorpe/Desktop/data-science/label-studio/lCgAAOSwa1ZmLmGw_s-l1600.webp,4.883,2024-05-20T21:33:30.948745Z
102,1,Fleetwood Mac,2024-05-20T21:05:48.525086Z,700,/data/local-files/?d=Users/stephenthorpe/Desktop/data-science/label-studio/lIkAAOSw3pdmGWtL_s-l1600.webp,1.046,2024-05-20T21:05:48.525104Z
304,1,Cream,2024-05-20T21:33:36.419004Z,701,/data/local-files/?d=Users/stephenthorpe/Desktop/data-science/label-studio/lJsAAOSw~eBlwmLu_s-l1600.webp,3.44,2024-05-20T21:33:36.419019Z
305,1,Deep Purple,2024-05-20T21:33:42.751468Z,702,/data/local-files/?d=Users/stephenthorpe/Desktop/data-science/label-studio/lTkAAOSwrcFmHeUp_s-l500.webp,3.837,2024-05-20T21:33:42.751485Z
306,1,Beatles,2024-05-20T21:33:50.127779Z,703,/data/local-files/?d=Users/stephenthorpe/Desktop/data-science/label-studio/lVQAAOSw~49kWXym_s-l300.webp,5.162,2024-05-20T21:33:50.127793Z
307,1,Deep Purple,2024-05-20T21:33:54.809250Z,704,/data/local-files/?d=Users/stephenthorpe/Desktop/data-science/label-studio/lcQAAOSwxbdmGtQj_s-l500.webp,2.768,2024-05-20T21:33:54.809271Z
103,1,Fleetwood Mac,2024-05-20T21:05:49.646864Z,705,/data/local-files/?d=Users/stephenthorpe/Desktop/data-science/label-studio/lhsAAOSw8t5mMjCK_s-l1600.webp,1.002,2024-05-20T21:05:49.646883Z
308,1,Non Searched,2024-05-20T21:34:01.468940Z,706,/data/local-files/?d=Users/stephenthorpe/Desktop/data-science/label-studio/m98AAOSw2wZl4gzv_s-l500.webp,4.545,2024-05-20T21:34:01.468960Z
309,1,Cream,2024-05-20T21:34:07.251667Z,707,/data/local-files/?d=Users/stephenthorpe/Desktop/data-science/label-studio/m9AAAOSwztBmEout_s-l1600.webp,3.864,2024-05-20T21:34:07.251683Z
310,1,Beatles,2024-05-20T21:34:12.369320Z,708,/data/local-files/?d=Users/stephenthorpe/Desktop/data-science/label-studio/m9IAAOSwJkVmPNGB_s-l1600.webp,2.845,2024-05-20T21:34:12.369336Z
104,1,Fleetwood Mac,2024-05-20T21:05:51.697131Z,709,/data/local-files/?d=Users/stephenthorpe/Desktop/data-science/label-studio/mRMAAOSwG0VmMa9I_s-l1600.webp,1.931,2024-05-20T21:05:51.697146Z
311,1,Cream,2024-05-20T21:34:19.670594Z,710,/data/local-files/?d=Users/stephenthorpe/Desktop/data-science/label-studio/mjkAAOSwf39mB7St_s-l1600.webp,4.026,2024-05-20T21:34:19.670631Z
312,1,Cream Goodbye,2024-05-20T21:34:24.598769Z,711,/data/local-files/?d=Users/stephenthorpe/Desktop/data-science/label-studio/m~cAAOSwtsNl7JGP_s-l500.webp,3.238,2024-05-20T21:34:24.598785Z
313,1,Non Searched,2024-05-20T21:34:29.264188Z,712,/data/local-files/?d=Users/stephenthorpe/Desktop/data-science/label-studio/nAQAAOSwgotmLmvm_s-l500.webp,3.039,2024-05-20T21:34:29.264205Z
314,1,Non Searched,2024-05-20T21:34:35.111281Z,713,/data/local-files/?d=Users/stephenthorpe/Desktop/data-science/label-studio/nFkAAOSwHUtmGbOU_s-l1600.webp,4.046,2024-05-20T21:34:35.111299Z
315,1,Beatles,2024-05-20T21:34:41.190287Z,714,/data/local-files/?d=Users/stephenthorpe/Desktop/data-science/label-studio/ndIAAOSw0ZBmN2Qc_s-l500.webp,4.345,2024-05-20T21:34:41.190305Z
316,1,Cream,2024-05-20T21:34:45.812968Z,715,/data/local-files/?d=Users/stephenthorpe/Desktop/data-science/label-studio/n~8AAOSwFzlmL8Qb_s-l1600.webp,3.267,2024-05-20T21:34:45.812981Z
317,1,Cream Goodbye,2024-05-20T21:34:49.672615Z,716,/data/local-files/?d=Users/stephenthorpe/Desktop/data-science/label-studio/o0wAAOSwKAVl-~~2_s-l1600.webp,2.048,2024-05-20T21:34:49.672631Z
105,1,Fleetwood Mac,2024-05-20T21:05:53.375079Z,717,/data/local-files/?d=Users/stephenthorpe/Desktop/data-science/label-studio/oDcAAOSwZytlQpeM_s-l500.webp,1.555,2024-05-20T21:05:53.375093Z
318,1,Non Searched,2024-05-20T21:34:56.180533Z,718,/data/local-files/?d=Users/stephenthorpe/Desktop/data-science/label-studio/oO8AAOSwiGJki53I_s-l1600.webp,3.884,2024-05-20T21:34:56.180546Z
319,1,The Who,2024-05-20T21:35:06.608360Z,719,/data/local-files/?d=Users/stephenthorpe/Desktop/data-science/label-studio/oOkAAOSwrVRfvADy_s-l500.webp,9.223,2024-05-20T21:35:06.608377Z
320,1,The Who,2024-05-20T21:35:11.149563Z,720,/data/local-files/?d=Users/stephenthorpe/Desktop/data-science/label-studio/oXAAAOSwu1Vlx85E_s-l1600.webp,2.807,2024-05-20T21:35:11.149579Z
321,1,Cream,2024-05-20T21:35:15.125153Z,721,/data/local-files/?d=Users/stephenthorpe/Desktop/data-science/label-studio/oZEAAOSwhMxmNjMt_s-l1600.webp,2.76,2024-05-20T21:35:15.125169Z
322,1,Rolling Stones,2024-05-20T21:35:20.138786Z,722,/data/local-files/?d=Users/stephenthorpe/Desktop/data-science/label-studio/oq8AAOSwu8RmIJ7b_s-l500.webp,3.532,2024-05-20T21:35:20.138805Z
106,1,Fleetwood Mac,2024-05-20T21:05:54.641991Z,723,/data/local-files/?d=Users/stephenthorpe/Desktop/data-science/label-studio/p-wAAOSw82tmLB9H_s-l500.webp,1.071,2024-05-20T21:05:54.642007Z
323,1,Non Searched,2024-05-20T21:35:28.505020Z,724,/data/local-files/?d=Users/stephenthorpe/Desktop/data-science/label-studio/p5kAAOSwhFJlwgD3_s-l1600.webp,5.387,2024-05-20T21:35:28.505034Z
324,1,Cream,2024-05-20T21:35:37.382933Z,725,/data/local-files/?d=Users/stephenthorpe/Desktop/data-science/label-studio/pOMAAOSwkAll-~Xw_s-l1600.webp,6.895,2024-05-20T21:35:37.382948Z
325,1,The Who,2024-05-20T21:35:42.033718Z,726,/data/local-files/?d=Users/stephenthorpe/Desktop/data-science/label-studio/pSUAAOSwD3pkfVgA_s-l1600.webp,3.213,2024-05-20T21:35:42.033732Z
107,1,Fleetwood Mac,2024-05-20T21:05:56.044903Z,727,/data/local-files/?d=Users/stephenthorpe/Desktop/data-science/label-studio/pjYAAOSwwdRmKXEB_s-l500.webp,1.308,2024-05-20T21:05:56.044917Z
326,1,Deep Purple,2024-05-20T21:35:48.855371Z,728,/data/local-files/?d=Users/stephenthorpe/Desktop/data-science/label-studio/plkAAOSwgb9mKbxC_s-l500.webp,4.219,2024-05-20T21:35:48.855387Z
327,1,Non Searched,2024-05-20T21:35:53.259056Z,729,/data/local-files/?d=Users/stephenthorpe/Desktop/data-science/label-studio/pnIAAOSwkt9mIGgT_s-l500.webp,3.036,2024-05-20T21:35:53.259074Z
328,1,Non Searched,2024-05-20T21:36:00.239410Z,730,/data/local-files/?d=Users/stephenthorpe/Desktop/data-science/label-studio/pokAAOSwQVpmNlEc_s-l500.webp,5.294,2024-05-20T21:36:00.239426Z
329,1,Beatles,2024-05-20T21:36:06.573805Z,731,/data/local-files/?d=Users/stephenthorpe/Desktop/data-science/label-studio/ptkAAOSwJtNmGYch_s-l500.webp,3.532,2024-05-20T21:36:06.573820Z
330,1,Non Searched,2024-05-20T21:36:14.863619Z,732,/data/local-files/?d=Users/stephenthorpe/Desktop/data-science/label-studio/puYAAOSwlYdmGSth_s-l500.webp,5.891,2024-05-20T21:36:14.863634Z
331,1,Deep Purple,2024-05-20T21:36:22.441869Z,733,/data/local-files/?d=Users/stephenthorpe/Desktop/data-science/label-studio/q4EAAOSwVVZmLqj~_s-l500.webp,6.173,2024-05-20T21:36:22.441884Z
332,1,The Who,2024-05-20T21:36:27.644842Z,734,/data/local-files/?d=Users/stephenthorpe/Desktop/data-science/label-studio/q4wAAOSwvGdmHZr8_s-l500.webp,3.741,2024-05-20T21:36:27.644860Z
333,1,Cream Goodbye,2024-05-20T21:36:32.603693Z,735,/data/local-files/?d=Users/stephenthorpe/Desktop/data-science/label-studio/qBkAAOSwLqZlwWRX_s-l1600.webp,3.639,2024-05-20T21:36:32.603710Z
334,1,Non Searched,2024-05-20T21:36:39.091876Z,736,/data/local-files/?d=Users/stephenthorpe/Desktop/data-science/label-studio/qHIAAOSwWX9jvDT-_s-l1600.webp,4.429,2024-05-20T21:36:39.091889Z
335,1,Cream,2024-05-20T21:36:46.030554Z,737,/data/local-files/?d=Users/stephenthorpe/Desktop/data-science/label-studio/qoQAAOSwxCFl8MyH_s-l1600.webp,5.04,2024-05-20T21:36:46.030570Z
336,1,Deep Purple,2024-05-20T21:36:51.723175Z,738,/data/local-files/?d=Users/stephenthorpe/Desktop/data-science/label-studio/qpoAAOSwiexl~Uhs_s-l500.webp,3.802,2024-05-20T21:36:51.723193Z
337,1,The Who,2024-05-20T21:37:02.576185Z,739,/data/local-files/?d=Users/stephenthorpe/Desktop/data-science/label-studio/qrcAAOSwsW5mL-2G_s-l500.webp,8.522,2024-05-20T21:37:02.576198Z
338,1,Rolling Stones,2024-05-20T21:37:09.567195Z,740,/data/local-files/?d=Users/stephenthorpe/Desktop/data-science/label-studio/quUAAOSwjilludrb_s-l1600.webp,3.257,2024-05-20T21:37:09.567209Z
339,1,Cream,2024-05-20T21:37:15.832760Z,741,/data/local-files/?d=Users/stephenthorpe/Desktop/data-science/label-studio/r3oAAOSw8HxmCB0N_s-l500.webp,4.43,2024-05-20T21:37:15.832775Z
340,1,Cream Goodbye,2024-05-20T21:37:20.189724Z,742,/data/local-files/?d=Users/stephenthorpe/Desktop/data-science/label-studio/rC8AAOSwztBmGRfv_s-l500.webp,2.773,2024-05-20T21:37:20.189741Z
341,1,Deep Purple,2024-05-20T21:37:24.008006Z,743,/data/local-files/?d=Users/stephenthorpe/Desktop/data-science/label-studio/rEsAAOSw-mhmK4bQ_s-l500.webp,2.442,2024-05-20T21:37:24.008020Z
342,1,Deep Purple,2024-05-20T21:37:29.676115Z,744,/data/local-files/?d=Users/stephenthorpe/Desktop/data-science/label-studio/rO4AAOSwRaplSZAA_s-l1600.webp,4.202,2024-05-20T21:37:29.676127Z
343,1,Cream,2024-05-20T21:37:40.743285Z,745,/data/local-files/?d=Users/stephenthorpe/Desktop/data-science/label-studio/rPkAAOSw-VRmLc0D_s-l1600.webp,9.427,2024-05-20T21:37:40.743302Z
344,1,Non Searched,2024-05-20T21:37:45.557478Z,746,/data/local-files/?d=Users/stephenthorpe/Desktop/data-science/label-studio/rVIAAOSwE1NlptSv_s-l500.webp,3.423,2024-05-20T21:37:45.557491Z
345,1,Beatles,2024-05-20T21:37:49.663590Z,747,/data/local-files/?d=Users/stephenthorpe/Desktop/data-science/label-studio/rdYAAOSwr6RmPRSH_s-l1600.webp,3.042,2024-05-20T21:37:49.663609Z
346,1,Cream Goodbye,2024-05-20T21:37:54.526847Z,748,/data/local-files/?d=Users/stephenthorpe/Desktop/data-science/label-studio/reoAAOSwmwxmApk6_s-l500.webp,2.29,2024-05-20T21:37:54.526864Z
347,1,Non Searched,2024-05-20T21:38:03.254309Z,749,/data/local-files/?d=Users/stephenthorpe/Desktop/data-science/label-studio/rjUAAOSwZ2llwAVe_s-l1600.webp,7.324,2024-05-20T21:38:03.254335Z
348,1,Cream,2024-05-20T21:38:10.996538Z,750,/data/local-files/?d=Users/stephenthorpe/Desktop/data-science/label-studio/ro0AAOSwlCFl81iX_s-l500.webp,6.343,2024-05-20T21:38:10.996553Z
349,1,Cream Goodbye,2024-05-20T21:38:15.539158Z,751,/data/local-files/?d=Users/stephenthorpe/Desktop/data-science/label-studio/rogAAOSwhHdmGapm_s-l500.webp,2.393,2024-05-20T21:38:15.539177Z
108,1,Fleetwood Mac,2024-05-20T21:05:57.317121Z,752,/data/local-files/?d=Users/stephenthorpe/Desktop/data-science/label-studio/rwkAAOSwVstmAJsE_s-l1600.webp,1.17,2024-05-20T21:05:57.317142Z
109,1,Fleetwood Mac,2024-05-20T21:05:58.866506Z,753,/data/local-files/?d=Users/stephenthorpe/Desktop/data-science/label-studio/s7oAAOSwu5dmMaEM_s-l500.webp,1.432,2024-05-20T21:05:58.866523Z
110,1,Fleetwood Mac,2024-05-20T21:06:00.240313Z,754,/data/local-files/?d=Users/stephenthorpe/Desktop/data-science/label-studio/se0AAOSwNuVmPAbf_s-l500.webp,1.262,2024-05-20T21:06:00.240327Z
350,1,Beatles,2024-05-20T21:38:21.510038Z,755,/data/local-files/?d=Users/stephenthorpe/Desktop/data-science/label-studio/shkAAOSwZadmIr9i_s-l1600.webp,2.942,2024-05-20T21:38:21.510055Z
351,1,Cream,2024-05-20T21:38:25.459209Z,756,/data/local-files/?d=Users/stephenthorpe/Desktop/data-science/label-studio/sk0AAOSwFPNmL4zD_s-l1600.webp,2.298,2024-05-20T21:38:25.459227Z
352,1,Beatles,2024-05-20T21:38:32.354110Z,757,/data/local-files/?d=Users/stephenthorpe/Desktop/data-science/label-studio/slMAAOSwp3VmOBx6_s-l500.webp,3.381,2024-05-20T21:38:32.354128Z
353,1,Cream Goodbye,2024-05-20T21:38:36.628964Z,758,/data/local-files/?d=Users/stephenthorpe/Desktop/data-science/label-studio/snIAAOSwOyJmGiPG_s-l500.webp,2.749,2024-05-20T21:38:36.628985Z
111,1,Fleetwood Mac,2024-05-20T21:06:01.407647Z,759,/data/local-files/?d=Users/stephenthorpe/Desktop/data-science/label-studio/t4kAAOSw6itlzLwN_s-l1600.webp,1.046,2024-05-20T21:06:01.407667Z
354,1,Cream Goodbye,2024-05-20T21:38:41.432904Z,760,/data/local-files/?d=Users/stephenthorpe/Desktop/data-science/label-studio/tLcAAOSwWgtlHc8x_s-l500.webp,3.495,2024-05-20T21:38:41.432925Z
355,1,Non Searched,2024-05-20T21:38:46.266696Z,761,/data/local-files/?d=Users/stephenthorpe/Desktop/data-science/label-studio/tXgAAOSwMLNmNGM4_s-l1600.webp,3.586,2024-05-20T21:38:46.266711Z
356,1,Non Searched,2024-05-20T21:38:50.215693Z,762,/data/local-files/?d=Users/stephenthorpe/Desktop/data-science/label-studio/thoAAOSw2l1mE39s_s-l1600.webp,2.647,2024-05-20T21:38:50.215709Z
357,1,Cream Goodbye,2024-05-20T21:38:57.709602Z,763,/data/local-files/?d=Users/stephenthorpe/Desktop/data-science/label-studio/tkcAAOSw101mImeD_s-l500.webp,5.98,2024-05-20T21:38:57.709618Z
112,1,Fleetwood Mac,2024-05-20T21:06:02.689962Z,764,/data/local-files/?d=Users/stephenthorpe/Desktop/data-science/label-studio/u0cAAOSwGdJmM89m_s-l500.webp,1.165,2024-05-20T21:06:02.689983Z
358,1,Rolling Stones,2024-05-20T21:39:06.773412Z,765,/data/local-files/?d=Users/stephenthorpe/Desktop/data-science/label-studio/u3MAAOSwi7VmLgte_s-l500.webp,4.855,2024-05-20T21:39:06.773426Z
359,1,The Who,2024-05-20T21:39:13.040414Z,766,/data/local-files/?d=Users/stephenthorpe/Desktop/data-science/label-studio/u3cAAOSwu3BmGw1r_s-l1600.webp,4.752,2024-05-20T21:39:13.040432Z
360,1,Cream,2024-05-20T21:39:18.568800Z,767,/data/local-files/?d=Users/stephenthorpe/Desktop/data-science/label-studio/uOgAAOSwsStmFK-u_s-l1600.webp,3.982,2024-05-20T21:39:18.568815Z
361,1,Cream,2024-05-20T21:39:24.247712Z,768,/data/local-files/?d=Users/stephenthorpe/Desktop/data-science/label-studio/uh0AAOSwhOdmIsol_s-l500.webp,2.457,2024-05-20T21:39:24.247728Z
362,1,Non Searched,2024-05-20T21:39:30.173068Z,769,/data/local-files/?d=Users/stephenthorpe/Desktop/data-science/label-studio/ukoAAOSwpa9mHMFL_s-l500.webp,4.352,2024-05-20T21:39:30.173087Z
363,1,Non Searched,2024-05-20T21:39:34.179973Z,770,/data/local-files/?d=Users/stephenthorpe/Desktop/data-science/label-studio/ulwAAOSwCmNmIPyD_s-l500.webp,2.536,2024-05-20T21:39:34.179992Z
113,1,Fleetwood Mac,2024-05-20T21:06:05.110444Z,771,/data/local-files/?d=Users/stephenthorpe/Desktop/data-science/label-studio/uygAAOSwuY5mNoel_s-l500.webp,2.303,2024-05-20T21:06:05.110458Z
364,1,Rolling Stones,2024-05-20T21:39:41.443310Z,772,/data/local-files/?d=Users/stephenthorpe/Desktop/data-science/label-studio/vUEAAOSwinNmCtgF_s-l500.webp,2.986,2024-05-20T21:39:41.443325Z
365,1,The Who,2024-05-20T21:39:47.523375Z,773,/data/local-files/?d=Users/stephenthorpe/Desktop/data-science/label-studio/w7sAAOSwRpNmJ3zK_s-l500.webp,4.624,2024-05-20T21:39:47.523392Z
366,1,The Who,2024-05-20T21:39:54.782866Z,774,/data/local-files/?d=Users/stephenthorpe/Desktop/data-science/label-studio/wA4AAOSwsO9mIgFT_s-l500.webp,4.609,2024-05-20T21:39:54.782882Z
367,1,Beatles,2024-05-20T21:40:00.399455Z,775,/data/local-files/?d=Users/stephenthorpe/Desktop/data-science/label-studio/wCcAAOSwkbZleJ9E_s-l1600.webp,4.389,2024-05-20T21:40:00.399474Z
368,1,Beatles,2024-05-20T21:40:04.450024Z,776,/data/local-files/?d=Users/stephenthorpe/Desktop/data-science/label-studio/wfIAAOSwW~lmJkaq_s-l1600.webp,2.773,2024-05-20T21:40:04.450035Z
369,1,Deep Purple,2024-05-20T21:40:08.762868Z,777,/data/local-files/?d=Users/stephenthorpe/Desktop/data-science/label-studio/wtIAAOSwNJxmJ3xH_s-l500.webp,2.639,2024-05-20T21:40:08.762884Z
370,1,Deep Purple,2024-05-20T21:40:14.118168Z,778,/data/local-files/?d=Users/stephenthorpe/Desktop/data-science/label-studio/wtsAAOSw1cpjhQAp_s-l1600.webp,3.85,2024-05-20T21:40:14.118186Z
371,1,Non Searched,2024-05-20T21:40:18.143455Z,779,/data/local-files/?d=Users/stephenthorpe/Desktop/data-science/label-studio/x4EAAOSwiLJlStgr_s-l1600.webp,2.683,2024-05-20T21:40:18.143474Z
372,1,Rolling Stones,2024-05-20T21:40:22.361374Z,780,/data/local-files/?d=Users/stephenthorpe/Desktop/data-science/label-studio/x6UAAOSwXBlmNPGw_s-l500.webp,3.093,2024-05-20T21:40:22.361390Z
373,1,Cream,2024-05-20T21:40:27.831936Z,781,/data/local-files/?d=Users/stephenthorpe/Desktop/data-science/label-studio/xO0AAOSwQA9mGDCo_s-l1600.webp,3.66,2024-05-20T21:40:27.831953Z
374,1,Cream,2024-05-20T21:40:32.563080Z,782,/data/local-files/?d=Users/stephenthorpe/Desktop/data-science/label-studio/xX4AAOSwih9mCNah_s-l1600.webp,3.397,2024-05-20T21:40:32.563097Z
375,1,Deep Purple,2024-05-20T21:40:39.371690Z,783,/data/local-files/?d=Users/stephenthorpe/Desktop/data-science/label-studio/xcIAAOSw181mKHAU_s-l1600.webp,4.199,2024-05-20T21:40:39.371707Z
376,1,Cream Goodbye,2024-05-20T21:40:48.212559Z,784,/data/local-files/?d=Users/stephenthorpe/Desktop/data-science/label-studio/xgAAAOSwyAJmH-ta_s-l1600.webp,6.873,2024-05-20T21:40:48.212579Z
377,1,Beatles,2024-05-20T21:40:52.813901Z,785,/data/local-files/?d=Users/stephenthorpe/Desktop/data-science/label-studio/xhwAAOSwmZpmM7Uz_s-l1600.webp,2.968,2024-05-20T21:40:52.813918Z
378,1,Cream Goodbye,2024-05-20T21:41:09.419538Z,786,/data/local-files/?d=Users/stephenthorpe/Desktop/data-science/label-studio/xpYAAOSwLxhmH4Mu_s-l500.webp,15.157,2024-05-20T21:41:09.419553Z
379,1,Rolling Stones,2024-05-20T21:41:15.912196Z,787,/data/local-files/?d=Users/stephenthorpe/Desktop/data-science/label-studio/xvUAAOSwjl9hyOMy_s-l1600.webp,3.979,2024-05-20T21:41:15.912211Z
380,1,Cream Goodbye,2024-05-20T21:41:19.790157Z,788,/data/local-files/?d=Users/stephenthorpe/Desktop/data-science/label-studio/yDMAAOSwZA9mIjJK_s-l1600.webp,2.565,2024-05-20T21:41:19.790176Z
381,1,Non Searched,2024-05-20T21:41:24.095538Z,789,/data/local-files/?d=Users/stephenthorpe/Desktop/data-science/label-studio/yN8AAOSwZj1gGB1A_s-l1600.webp,2.765,2024-05-20T21:41:24.095558Z
382,1,Cream,2024-05-20T21:41:30.231305Z,790,/data/local-files/?d=Users/stephenthorpe/Desktop/data-science/label-studio/yPkAAOSw4tJl1Ryg_s-l1600.webp,3.445,2024-05-20T21:41:30.231342Z
383,1,Cream Goodbye,2024-05-20T21:41:45.047891Z,791,/data/local-files/?d=Users/stephenthorpe/Desktop/data-science/label-studio/yoUAAOSwzxlmL86A_s-l1600.webp,4.214,2024-05-20T21:41:45.047906Z
384,1,Cream Goodbye,2024-05-20T21:41:50.046299Z,792,/data/local-files/?d=Users/stephenthorpe/Desktop/data-science/label-studio/yuYAAOSwEylmCHfp_s-l1600.webp,6.619,2024-05-20T21:41:50.046317Z
385,1,Beatles,2024-05-20T21:41:57.172410Z,793,/data/local-files/?d=Users/stephenthorpe/Desktop/data-science/label-studio/yx0AAOSwH6lmOTjB_s-l1600.webp,3.94,2024-05-20T21:41:57.172426Z
386,1,Deep Purple,2024-05-20T21:42:03.172612Z,794,/data/local-files/?d=Users/stephenthorpe/Desktop/data-science/label-studio/yyEAAOSwwc1l07-0_s-l500.webp,3.994,2024-05-20T21:42:03.172632Z
387,1,Beatles,2024-05-20T21:42:10.513036Z,795,/data/local-files/?d=Users/stephenthorpe/Desktop/data-science/label-studio/z88AAOSwdwpmHlcu_s-l500.webp,5.05,2024-05-20T21:42:10.513052Z
388,1,Cream Goodbye,2024-05-20T21:42:17.035436Z,796,/data/local-files/?d=Users/stephenthorpe/Desktop/data-science/label-studio/zDIAAOSwLstl7R-Y_s-l1600.webp,4.6,2024-05-20T21:42:17.035452Z
114,1,Fleetwood Mac,2024-05-20T21:06:12.250481Z,797,/data/local-files/?d=Users/stephenthorpe/Desktop/data-science/label-studio/zK0AAOSwEFpmJj0Q_s-l500.webp,7.033,2024-05-20T21:06:12.250497Z
389,1,Cream Goodbye,2024-05-20T21:42:23.570107Z,798,/data/local-files/?d=Users/stephenthorpe/Desktop/data-science/label-studio/zO8AAOSwHShmAysG_s-l1600.webp,3.8,2024-05-20T21:42:23.570125Z
390,1,Deep Purple,2024-05-20T21:44:08.079197Z,799,/data/local-files/?d=Users/stephenthorpe/Desktop/data-science/label-studio/zaYAAOSw2URkzTle_s-l1600.webp,5.714,2024-05-20T21:44:08.079213Z
391,1,Beatles,2024-05-20T21:44:17.357208Z,800,/data/local-files/?d=Users/stephenthorpe/Desktop/data-science/label-studio/zi0AAOSwa11lBlf9_s-l1600.webp,7.864,2024-05-20T21:44:17.357225Z
392,1,Non Searched,2024-05-20T21:44:26.442662Z,801,/data/local-files/?d=Users/stephenthorpe/Desktop/data-science/label-studio/zwwAAOSwxlJmNnzQ_s-l1600.webp,7.761,2024-05-20T21:44:26.442676Z
393,1,Rolling Stones,2024-05-20T21:44:30.335707Z,802,/data/local-files/?d=Users/stephenthorpe/Desktop/data-science/label-studio/zzcAAOSwy~ll79TN_s-l500.webp,2.899,2024-05-20T21:44:30.335723Z
394,1,Rolling Stones,2024-05-20T21:44:34.519426Z,803,/data/local-files/?d=Users/stephenthorpe/Desktop/data-science/label-studio/z~cAAOSwrBtmLPaP_s-l1600.webp,3.106,2024-05-20T21:44:34.519443Z
395,1,Beatles,2024-05-20T21:44:40.835749Z,804,/data/local-files/?d=Users/stephenthorpe/Desktop/data-science/label-studio/~2wAAOSwKGxmKpuE_s-l1600.webp,4.213,2024-05-20T21:44:40.835765Z
396,1,Deep Purple,2024-05-20T21:44:47.926581Z,805,/data/local-files/?d=Users/stephenthorpe/Desktop/data-science/label-studio/~4EAAOSwO1RmLRxd_s-l500.webp,5.764,2024-05-20T21:44:47.926601Z
397,1,Deep Purple,2024-05-20T21:44:54.927907Z,806,/data/local-files/?d=Users/stephenthorpe/Desktop/data-science/label-studio/~CAAAOSw5D9mACmj_s-l500.webp,3.891,2024-05-20T21:44:54.927949Z
398,1,Rolling Stones,2024-05-20T21:44:59.210042Z,807,/data/local-files/?d=Users/stephenthorpe/Desktop/data-science/label-studio/~JUAAOSwl~lmJkRD_s-l1600.webp,2.65,2024-05-20T21:44:59.210060Z
399,1,The Who,2024-05-20T21:45:03.973422Z,808,/data/local-files/?d=Users/stephenthorpe/Desktop/data-science/label-studio/~LAAAOSwjJtl6hp8_s-l500.webp,3.361,2024-05-20T21:45:03.973438Z
400,1,The Who,2024-05-20T21:45:09.786407Z,809,/data/local-files/?d=Users/stephenthorpe/Desktop/data-science/label-studio/~SoAAOSwUUVmHD25_s-l500.webp,4.468,2024-05-20T21:45:09.786425Z
401,1,Cream Goodbye,2024-05-20T21:45:16.697551Z,810,/data/local-files/?d=Users/stephenthorpe/Desktop/data-science/label-studio/~WwAAOSwP8Vk0RLz_s-l500.webp,5.608,2024-05-20T21:45:16.697574Z
402,1,Cream Goodbye,2024-05-20T21:45:20.039397Z,811,/data/local-files/?d=Users/stephenthorpe/Desktop/data-science/label-studio/~g8AAOSwqh9mH4JO_s-l1600.webp,2.206,2024-05-20T21:45:20.039412Z
403,1,Non Searched,2024-05-20T21:45:25.911520Z,812,/data/local-files/?d=Users/stephenthorpe/Desktop/data-science/label-studio/~zoAAOSw8KBmO9r0_s-l500.webp,4.362,2024-05-20T21:45:25.911541Z